する,する,動詞,サ変動詞
いる,いる,接尾辞,母音動詞
来る,来る,動詞,カ変動詞来
食べる,食べる,動詞,母音動詞
飲む,飲む,動詞,子音動詞マ行
愛し合う,合う,動詞,子音動詞ワ行
合図する,する,動詞,サ変動詞
相席する,する,動詞,サ変動詞
合う,合う,動詞,子音動詞ワ行
扇ぐ,扇ぐ,動詞,子音動詞ガ行
挙がる,挙がる,動詞,子音動詞ラ行
飽きる,飽きる,動詞,母音動詞
空く,空く,動詞,子音動詞カ行
握手する,する,動詞,サ変動詞
明ける,明ける,動詞,母音動詞
挙げる,挙げる,動詞,母音動詞
上げる,上げる,動詞,母音動詞
憧れる,憧れる,動詞,母音動詞
味付けする,する,動詞,サ変動詞
味わう,味わう,動詞,子音動詞ワ行
預ける,預ける,動詞,母音動詞
与える,与える,動詞,母音動詞
当たる,当たる,動詞,子音動詞ラ行
悪化する,する,動詞,サ変動詞
扱う,扱う,動詞,子音動詞ワ行
アップする,する,動詞,サ変動詞
あてはめる,あてはめる,動詞,母音動詞
当てる,当てる,動詞,母音動詞
あてる,あてる,動詞,母音動詞
後片づけする,する,動詞,サ変動詞
アドバイスする,する,動詞,サ変動詞
アナウンスする,する,動詞,サ変動詞
あふれる,あふれる,動詞,母音動詞
甘やかす,甘やかす,動詞,子音動詞サ行
誤る,誤る,動詞,子音動詞ラ行
歩む,歩む,動詞,子音動詞マ行
争う,争う,動詞,子音動詞ワ行
改まる,改まる,動詞,子音動詞ラ行
表す,表す,動詞,子音動詞サ行
表わす,表わす,動詞,子音動詞サ行
現れる,現れる,動詞,母音動詞
現われる,現われる,動詞,母音動詞
歩き回る,回る,動詞,子音動詞ラ行
合わせる,合わせる,動詞,母音動詞
慌てる,慌てる,動詞,母音動詞
安定する,する,動詞,サ変動詞
言い合う,合う,動詞,子音動詞ワ行
言い表す,言い表す,動詞,子音動詞サ行
言い返す,返す,動詞,子音動詞サ行
言い換える,換える,動詞,母音動詞
言い訳する,する,動詞,サ変動詞
生かす,生かす,動詞,子音動詞サ行
生き生きする,する,動詞,子音動詞ラ行
生きる,生きる,動詞,母音動詞
行く,行く,動詞,子音動詞カ行促音便形
維持する,する,動詞,サ変動詞
意識する,する,動詞,サ変動詞
いじめる,いじめる,動詞,母音動詞
抱く,抱く,動詞,子音動詞カ行
痛む,痛む,動詞,子音動詞マ行
いためる,いためる,動詞,母音動詞
痛める,痛める,動詞,母音動詞
至る,至る,動詞,子音動詞ラ行
一致する,する,動詞,サ変動詞
一服する,する,動詞,サ変動詞
意図する,する,動詞,サ変動詞
営む,営む,動詞,子音動詞マ行
威張る,威張る,動詞,子音動詞ラ行
イメージする,する,動詞,サ変動詞
嫌がらせする,する,動詞,サ変動詞
癒す,癒す,動詞,子音動詞サ行
印刷する,する,動詞,サ変動詞
引退する,する,動詞,サ変動詞
ウインクする,する,動詞,サ変動詞
ウインドーショッピングする,する,動詞,サ変動詞
うかがう,うかがう,動詞,子音動詞ワ行
浮かぶ,浮かぶ,動詞,子音動詞バ行
浮き上がる,上がる,動詞,子音動詞ラ行
浮く,浮く,動詞,子音動詞カ行
承る,承る,動詞,子音動詞ラ行
受け付ける,受け付ける,動詞,母音動詞
受け取る,受け取る,動詞,子音動詞ラ行
失う,失う,動詞,子音動詞ワ行
疑う,疑う,動詞,子音動詞ワ行
打ち上げる,打ち上げる,動詞,母音動詞
打ち合わせる,打ち合わせる,動詞,母音動詞
映す,映す,動詞,子音動詞サ行
訴える,訴える,動詞,母音動詞
映る,映る,動詞,子音動詞ラ行
写る,写る,動詞,子音動詞ラ行
移る,移る,動詞,子音動詞ラ行
うなずく,うなずく,動詞,子音動詞カ行
奪い取る,奪い取る,動詞,子音動詞ラ行
奪う,奪う,動詞,子音動詞ワ行
埋め立てる,立てる,動詞,母音動詞
埋める,埋める,動詞,母音動詞
裏切る,裏切る,動詞,子音動詞ラ行
占う,占う,動詞,子音動詞ワ行
うらやむ,うらやむ,動詞,子音動詞マ行
売り上げる,上げる,動詞,母音動詞
浮気する,する,接尾辞,サ変動詞
上回る,上回る,動詞,子音動詞ラ行
運営する,する,動詞,サ変動詞
運搬する,する,動詞,サ変動詞
影響する,する,動詞,サ変動詞
描く,描く,動詞,子音動詞カ行
得る,得る,接尾辞,母音動詞
延期する,する,動詞,サ変動詞
演技する,する,動詞,サ変動詞
エンストする,する,動詞,サ変動詞
演奏する,する,動詞,サ変動詞
延長する,する,動詞,サ変動詞
追いかける,かける,接尾辞,母音動詞
追いつく,追いつく,動詞,子音動詞カ行
追い抜く,追い抜く,動詞,子音動詞カ行
追いやる,追いやる,動詞,子音動詞ラ行
追う,追う,動詞,子音動詞ワ行
負う,負う,動詞,子音動詞ワ行
応援する,する,動詞,サ変動詞
応じる,応じる,動詞,母音動詞
往復する,する,動詞,サ変動詞
応募する,する,動詞,サ変動詞
覆う,覆う,動詞,子音動詞ワ行
オーバーする,する,動詞,サ変動詞
犯す,犯す,動詞,子音動詞サ行
おかわりする,する,動詞,サ変動詞
置き換える,置き換える,動詞,母音動詞
補う,補う,動詞,子音動詞ワ行
起こる,起こる,動詞,子音動詞ラ行
怒る,怒る,動詞,子音動詞ラ行
おごる,おごる,動詞,子音動詞ラ行
抑える,抑える,動詞,母音動詞
治まる,治まる,動詞,子音動詞ラ行
納める,納める,動詞,母音動詞
治める,治める,動詞,母音動詞
おじぎする,する,動詞,サ変動詞
押し倒す,押し倒す,動詞,子音動詞サ行
惜しむ,惜しむ,動詞,子音動詞マ行
おしゃべりする,する,動詞,サ変動詞
押し寄せる,押し寄せる,動詞,母音動詞
汚染する,する,動詞,サ変動詞
恐れ入る,恐れ入る,動詞,子音動詞ラ行
恐れる,恐れる,動詞,母音動詞
教わる,教わる,動詞,子音動詞ラ行
落ち込む,込む,動詞,子音動詞マ行
落ち着く,落ち着く,動詞,子音動詞カ行
訪れる,訪れる,動詞,母音動詞
衰える,衰える,動詞,母音動詞
驚く,驚く,動詞,子音動詞カ行
脅かす,脅かす,動詞,子音動詞サ行
帯びる,帯びる,動詞,母音動詞
覚える,覚える,動詞,母音動詞
おぼれる,おぼれる,動詞,母音動詞
思い浮かぶ,思い浮かぶ,動詞,子音動詞バ行
思い込む,込む,動詞,子音動詞マ行
思いつく,つく,動詞,子音動詞カ行
及ぶ,及ぶ,動詞,子音動詞バ行
及ぼす,及ぼす,動詞,子音動詞サ行
終わる,終わる,動詞,子音動詞ラ行
買い上げる,上げる,動詞,母音動詞
買い換える,換える,動詞,母音動詞
解決する,する,動詞,サ変動詞
介護する,する,動詞,サ変動詞
開催する,する,動詞,サ変動詞
開示する,する,動詞,サ変動詞
回収する,する,動詞,サ変動詞
外出する,する,動詞,サ変動詞
外食する,する,動詞,サ変動詞
改正する,する,動詞,サ変動詞
解説する,する,動詞,サ変動詞
改善する,する,動詞,サ変動詞
開発する,する,動詞,サ変動詞
回復する,する,動詞,サ変動詞
開放する,する,動詞,サ変動詞
解明する,する,動詞,サ変動詞
改良する,する,動詞,サ変動詞
代える,代える,動詞,母音動詞
抱える,抱える,動詞,母音動詞
輝く,輝く,動詞,子音動詞カ行
かかわる,かかわる,動詞,子音動詞ラ行
書き上げる,上げる,動詞,母音動詞
限る,限る,動詞,子音動詞ラ行
学習する,する,動詞,サ変動詞
隠す,隠す,動詞,子音動詞サ行
拡大する,する,動詞,サ変動詞
確定する,する,動詞,サ変動詞
確定申告する,する,動詞,サ変動詞
獲得する,する,動詞,サ変動詞
確保する,する,動詞,サ変動詞
確立する,する,動詞,サ変動詞
隠れる,隠れる,動詞,母音動詞
可決する,する,動詞,サ変動詞
かけ離れる,かけ離れる,動詞,母音動詞
かける,かける,接尾辞,母音動詞
掛ける,掛ける,接尾辞,母音動詞
加工する,する,動詞,サ変動詞
下降する,する,動詞,サ変動詞
囲む,囲む,動詞,子音動詞マ行
重なる,重なる,動詞,子音動詞ラ行
重ねる,重ねる,動詞,母音動詞
課する,課する,動詞,サ変動詞
稼ぐ,稼ぐ,動詞,子音動詞ガ行
片思いする,する,動詞,サ変動詞
傾ける,傾ける,動詞,母音動詞
偏る,偏る,動詞,子音動詞ラ行
語り合う,合う,動詞,子音動詞ワ行
語る,語る,動詞,子音動詞ラ行
合宿する,する,動詞,サ変動詞
活動する,する,動詞,サ変動詞
活躍する,する,動詞,サ変動詞
悲しむ,悲しむ,動詞,子音動詞マ行
加入する,する,動詞,サ変動詞
我慢する,する,動詞,サ変動詞
かみつく,かみつく,動詞,子音動詞カ行
からむ,からむ,動詞,子音動詞マ行
乾かす,乾かす,動詞,子音動詞サ行
交す,する,動詞,サ変動詞
代わる,代わる,動詞,子音動詞ラ行
歓迎する,する,動詞,サ変動詞
観察する,する,動詞,サ変動詞
換算する,する,動詞,サ変動詞
感じ取る,取る,動詞,子音動詞ラ行
鑑賞する,する,動詞,サ変動詞
感じる,感じる,動詞,母音動詞
感心する,する,動詞,サ変動詞
関する,関する,動詞,サ変動詞
完成編する,する,動詞,サ変動詞
観戦する,する,動詞,サ変動詞
感染する,する,動詞,サ変動詞
感嘆する,する,動詞,サ変動詞
勘違いする,する,動詞,サ変動詞
カンニングする,する,動詞,サ変動詞
願望する,する,動詞,サ変動詞
関連づける,関連づける,動詞,母音動詞
記憶する,する,動詞,サ変動詞
聴き取る,取る,動詞,子音動詞ラ行
聞き取る,取る,動詞,子音動詞ラ行
聞く,聞く,動詞,子音動詞カ行
効く,効く,動詞,子音動詞カ行
棄権する,する,動詞,サ変動詞
帰国する,する,動詞,サ変動詞
帰省する,する,動詞,サ変動詞
寄生する,する,動詞,サ変動詞
規制する,する,動詞,サ変動詞
競う,競う,動詞,子音動詞ワ行
帰属する,する,動詞,サ変動詞
期待する,する,動詞,サ変動詞
鍛え上げる,上げる,動詞,母音動詞
鍛える,鍛える,動詞,母音動詞
帰宅する,する,動詞,サ変動詞
喫煙する,する,動詞,サ変動詞
気疲れする,する,動詞,サ変動詞
記入する,する,動詞,サ変動詞
記念する,する,動詞,サ変動詞
機能する,する,動詞,サ変動詞
希望する,する,動詞,サ変動詞
決まる,決まる,動詞,子音動詞ラ行
決めつける,決めつける,動詞,母音動詞
虐待する,する,動詞,サ変動詞
逆転する,する,動詞,サ変動詞
逆転勝ちする,する,動詞,サ変動詞
救助する,する,動詞,サ変動詞
供給する,する,動詞,サ変動詞
競争する,する,動詞,サ変動詞
共存する,する,動詞,サ変動詞
強調する,する,動詞,サ変動詞
共通する,する,動詞,サ変動詞
脅迫する,する,動詞,サ変動詞
嫌う,嫌う,動詞,子音動詞ワ行
切り出す,切り出す,動詞,子音動詞サ行
切り抜ける,抜ける,動詞,母音動詞
きる,きる,動詞,子音動詞ラ行
議論する,する,動詞,サ変動詞
際立つ,際立つ,動詞,子音動詞タ行
極める,極める,動詞,母音動詞
禁じる,禁じる,動詞,母音動詞
勤務する,する,動詞,サ変動詞
食い違う,食い違う,動詞,子音動詞ワ行
食う,食う,動詞,子音動詞ワ行
腐る,腐る,動詞,子音動詞ラ行
駆使する,する,動詞,サ変動詞
苦心する,する,動詞,サ変動詞
崩れる,崩れる,動詞,母音動詞
下す,下す,動詞,子音動詞サ行
降す,降す,動詞,子音動詞サ行
下る,下る,動詞,子音動詞ラ行
口答えする,する,動詞,サ変動詞
くっつく,くっつく,動詞,子音動詞カ行
配る,配る,動詞,子音動詞ラ行
工夫する,する,動詞,サ変動詞
区別する,する,動詞,サ変動詞
組合せる,組合せる,動詞,母音動詞
組み込む,込む,動詞,子音動詞マ行
組む,組む,動詞,子音動詞マ行
くむ,くむ,動詞,子音動詞マ行
悔やむ,悔やむ,動詞,子音動詞マ行
食らう,食らう,動詞,子音動詞ワ行
暮らす,暮らす,動詞,子音動詞サ行
比べる,比べる,動詞,母音動詞
クリアーする,する,動詞,サ変動詞
繰り返す,繰り返す,動詞,子音動詞サ行
くる,くる,接尾辞,カ変動詞
狂う,狂う,動詞,子音動詞ワ行
苦しむ,苦しむ,動詞,子音動詞マ行
苦労する,する,動詞,サ変動詞
加える,加える,動詞,母音動詞
食われる,れる,接尾辞,母音動詞
加わる,加わる,動詞,子音動詞ラ行
訓練する,する,動詞,サ変動詞
経営する,する,動詞,サ変動詞
計画する,する,動詞,サ変動詞
掲載する,する,動詞,サ変動詞
軽べつする,する,動詞,サ変動詞
契約する,する,動詞,サ変動詞
化粧する,する,動詞,サ変動詞
決意する,する,動詞,サ変動詞
決心する,する,動詞,サ変動詞
欠席する,する,動詞,サ変動詞
決別する,する,動詞,サ変動詞
蹴る,蹴る,動詞,子音動詞ラ行
検査する,する,動詞,サ変動詞
検索する,する,動詞,サ変動詞
研修する,する,動詞,サ変動詞
減少する,する,動詞,サ変動詞
建設する,する,動詞,サ変動詞
源泉徴収する,する,動詞,サ変動詞
現像する,する,動詞,サ変動詞
限定する,する,動詞,サ変動詞
検討する,する,動詞,サ変動詞
合意する,する,動詞,サ変動詞
講演する,する,動詞,サ変動詞
航海する,する,動詞,サ変動詞
後悔する,する,動詞,サ変動詞
交換する,する,動詞,サ変動詞
攻撃する,する,動詞,サ変動詞
工作する,する,動詞,サ変動詞
工事する,する,動詞,サ変動詞
更新する,する,動詞,サ変動詞
交代する,する,動詞,サ変動詞
肯定する,する,動詞,サ変動詞
行動する,する,動詞,サ変動詞
興奮する,する,動詞,サ変動詞
交流する,する,動詞,サ変動詞
考慮する,する,動詞,サ変動詞
超える,超える,動詞,母音動詞
越える,越える,動詞,母音動詞
凍る,凍る,動詞,子音動詞ラ行
ゴールする,する,動詞,サ変動詞
誤解する,する,動詞,サ変動詞
焦げる,焦げる,動詞,母音動詞
試みる,試みる,動詞,母音動詞
越す,越す,動詞,子音動詞サ行
超す,超す,動詞,子音動詞サ行
こたえる,こたえる,動詞,母音動詞
こだわる,こだわる,動詞,子音動詞ラ行
ごちそうする,する,動詞,サ変動詞
誇張する,する,動詞,サ変動詞
骨折する,する,動詞,サ変動詞
異なる,異なる,動詞,子音動詞ラ行
断る,断る,動詞,子音動詞ラ行
好む,好む,動詞,子音動詞マ行
こぼす,こぼす,動詞,子音動詞サ行
ごまかす,ごまかす,動詞,子音動詞サ行
コミュニケーションする,する,動詞,サ変動詞
込める,込める,動詞,母音動詞
こる,こる,動詞,子音動詞ラ行
転がす,転がす,動詞,子音動詞サ行
転がる,転がる,動詞,子音動詞ラ行
殺す,殺す,動詞,子音動詞サ行
転ぶ,転ぶ,動詞,子音動詞バ行
混乱する,する,動詞,サ変動詞
在職する,する,動詞,サ変動詞
際する,際する,動詞,サ変動詞
栽培する,する,動詞,サ変動詞
再発行する,する,動詞,サ変動詞
再利用する,する,動詞,サ変動詞
作業する,する,動詞,サ変動詞
削減する,する,動詞,サ変動詞
叫ぶ,叫ぶ,動詞,子音動詞バ行
支える,支える,動詞,母音動詞
ささやく,ささやく,動詞,子音動詞カ行
刺さる,刺さる,動詞,子音動詞ラ行
指す,指す,動詞,子音動詞サ行
刺す,刺す,動詞,子音動詞サ行
錯覚する,する,動詞,サ変動詞
差別する,する,動詞,サ変動詞
さぼる,さぼる,動詞,子音動詞ラ行
左右する,左右する,動詞,サ変動詞
騒ぐ,騒ぐ,動詞,子音動詞ガ行
触る,触る,動詞,子音動詞ラ行
仕上がる,仕上がる,動詞,子音動詞ラ行
仕上げる,仕上げる,動詞,母音動詞
強いる,強いる,動詞,母音動詞
仕送りする,する,動詞,サ変動詞
刺激する,する,動詞,サ変動詞
思考する,する,動詞,サ変動詞
持参する,する,動詞,サ変動詞
指示する,する,動詞,サ変動詞
沈む,沈む,動詞,子音動詞マ行
従う,従う,動詞,子音動詞ワ行
下書きする,する,動詞,サ変動詞
親しむ,親しむ,動詞,子音動詞マ行
下回る,下回る,動詞,子音動詞ラ行
視聴する,する,動詞,サ変動詞
失格する,する,動詞,サ変動詞
実感する,する,動詞,サ変動詞
失業する,する,動詞,サ変動詞
実況する,する,動詞,サ変動詞
しつける,しつける,動詞,母音動詞
実現する,する,動詞,サ変動詞
実施する,する,動詞,サ変動詞
しっとする,する,動詞,サ変動詞
執筆する,する,動詞,サ変動詞
失恋する,する,動詞,サ変動詞
指摘する,する,動詞,サ変動詞
指導する,する,動詞,サ変動詞
芝居する,する,動詞,サ変動詞
支払う,支払う,動詞,子音動詞ワ行
縛る,縛る,動詞,子音動詞ラ行
シフトする,する,動詞,サ変動詞
死亡する,する,動詞,サ変動詞
志望する,する,動詞,サ変動詞
絞る,絞る,動詞,子音動詞ラ行
しまう,しまう,接尾辞,子音動詞ワ行
自慢する,する,動詞,サ変動詞
締め切る,締め切る,動詞,子音動詞ラ行
示す,示す,動詞,子音動詞サ行
湿る,湿る,動詞,子音動詞ラ行
占める,占める,動詞,母音動詞
しゃがむ,しゃがむ,動詞,子音動詞マ行
しゃべる,しゃべる,動詞,子音動詞ラ行
邪魔する,する,動詞,サ変動詞
ジャンプする,する,動詞,サ変動詞
集合する,する,動詞,サ変動詞
重視する,する,動詞,サ変動詞
収集する,する,動詞,サ変動詞
就職する,する,動詞,サ変動詞
修飾する,する,動詞,サ変動詞
渋滞する,する,動詞,サ変動詞
集中する,する,動詞,サ変動詞
習得する,する,動詞,サ変動詞
収納する,する,動詞,サ変動詞
収容する,する,動詞,サ変動詞
修理する,する,動詞,サ変動詞
修了する,する,動詞,サ変動詞
主演する,する,動詞,サ変動詞
縮小する,する,動詞,サ変動詞
祝福する,する,動詞,サ変動詞
受験する,する,動詞,サ変動詞
主催する,する,動詞,サ変動詞
取材する,する,動詞,サ変動詞
受診する,する,動詞,サ変動詞
主張する,する,動詞,サ変動詞
出荷する,する,動詞,サ変動詞
出願する,する,動詞,サ変動詞
出産する,する,動詞,サ変動詞
出社する,する,動詞,サ変動詞
出場する,する,動詞,サ変動詞
出世する,する,動詞,サ変動詞
出店する,する,動詞,サ変動詞
照会する,する,動詞,サ変動詞
焼却する,する,動詞,サ変動詞
上京する,する,動詞,サ変動詞
乗車する,する,動詞,サ変動詞
上昇する,する,動詞,サ変動詞
生じる,生じる,動詞,母音動詞
昇進する,する,動詞,サ変動詞
上達する,する,動詞,サ変動詞
商談する,する,動詞,サ変動詞
承知する,する,動詞,サ変動詞
衝突する,する,動詞,サ変動詞
消費する,する,動詞,サ変動詞
勝負する,する,動詞,サ変動詞
省略する,する,動詞,サ変動詞
助言する,する,動詞,サ変動詞
処置する,する,動詞,サ変動詞
処理する,する,動詞,サ変動詞
自立する,する,動詞,サ変動詞
進化する,する,動詞,サ変動詞
進学する,する,動詞,サ変動詞
進級する,する,動詞,サ変動詞
申告する,する,動詞,サ変動詞
診察する,する,動詞,サ変動詞
進出する,する,動詞,サ変動詞
申請する,する,動詞,サ変動詞
診断する,する,動詞,サ変動詞
進歩する,する,動詞,サ変動詞
信用する,する,動詞,サ変動詞
信頼する,する,動詞,サ変動詞
推移する,する,動詞,サ変動詞
推薦する,する,動詞,サ変動詞
推定する,する,動詞,サ変動詞
好かれる,れる,接尾辞,母音動詞
すぎない,ない,接尾辞,イ形容詞アウオ段
好く,好い,形容詞,イ形容詞アウオ段
救う,救う,動詞,子音動詞ワ行
過ごす,過ごす,動詞,子音動詞サ行
進む,進む,動詞,子音動詞マ行
進める,進める,動詞,母音動詞
勧める,勧める,動詞,母音動詞
滑る,滑る,動詞,子音動詞ラ行
済ませる,済ませる,動詞,母音動詞
済む,済む,動詞,子音動詞マ行
ずらす,ずらす,動詞,子音動詞サ行
スリップする,する,動詞,サ変動詞
すれ違う,すれ違う,動詞,子音動詞ワ行
正解する,する,動詞,サ変動詞
制限する,する,動詞,サ変動詞
生産する,する,動詞,サ変動詞
清書する,する,動詞,サ変動詞
成人する,する,動詞,サ変動詞
成長する,する,動詞,サ変動詞
整備する,する,動詞,サ変動詞
セクハラする,する,動詞,サ変動詞
設計する,する,動詞,サ変動詞
摂取する,する,動詞,サ変動詞
接する,接する,動詞,サ変動詞
セットする,する,動詞,サ変動詞
説得する,する,動詞,サ変動詞
絶滅する,する,動詞,サ変動詞
節約する,する,動詞,サ変動詞
設立する,する,動詞,サ変動詞
迫る,迫る,動詞,子音動詞ラ行
攻める,攻める,動詞,母音動詞
責める,責める,動詞,母音動詞
選択する,する,動詞,サ変動詞
宣伝する,する,動詞,サ変動詞
沿う,沿う,動詞,子音動詞ワ行
添う,添う,動詞,子音動詞ワ行
増加する,する,動詞,サ変動詞
操作する,する,動詞,サ変動詞
想像する,する,動詞,サ変動詞
創造する,する,動詞,サ変動詞
相続する,する,動詞,サ変動詞
遭難する,する,動詞,サ変動詞
添える,添える,動詞,母音動詞
測定する,する,動詞,サ変動詞
育つ,育つ,動詞,子音動詞タ行
備える,備える,動詞,母音動詞
染める,染める,動詞,母音動詞
それる,それる,動詞,母音動詞
そろう,そる,動詞,子音動詞ラ行
そろえる,そろえる,動詞,母音動詞
存在する,する,動詞,サ変動詞
尊重する,する,動詞,サ変動詞
退学する,する,動詞,サ変動詞
体験する,する,動詞,サ変動詞
対する,対する,動詞,サ変動詞
退社する,する,動詞,サ変動詞
対処する,する,動詞,サ変動詞
退場する,する,動詞,サ変動詞
退職する,する,動詞,サ変動詞
対戦する,する,動詞,サ変動詞
体操する,する,動詞,サ変動詞
逮捕する,する,動詞,サ変動詞
対立する,する,動詞,サ変動詞
堪える,堪える,動詞,母音動詞
耐える,耐える,動詞,母音動詞
倒す,倒す,動詞,子音動詞サ行
高まる,高まる,動詞,子音動詞ラ行
高める,高める,動詞,母音動詞
抱き合う,抱き合う,動詞,子音動詞ワ行
炊く,炊く,動詞,子音動詞カ行
足す,足す,動詞,子音動詞サ行
出す,出す,動詞,子音動詞サ行
多数決する,する,動詞,サ変動詞
助け合う,合う,動詞,子音動詞ワ行
助ける,助ける,動詞,母音動詞
尋ねる,尋ねる,動詞,母音動詞
訪ねる,訪ねる,動詞,母音動詞
戦う,戦う,動詞,子音動詞ワ行
闘う,闘う,動詞,子音動詞ワ行
たたく,たたく,動詞,子音動詞カ行
たたむ,たたむ,動詞,子音動詞マ行
立ち寄る,立ち寄る,動詞,子音動詞ラ行
立つ,立つ,動詞,子音動詞タ行
建つ,建つ,動詞,子音動詞タ行
達する,達する,動詞,サ変動詞
達成する,する,動詞,サ変動詞
立てる,立てる,動詞,母音動詞
たとえる,たとえる,動詞,母音動詞
だぶる,だぶる,動詞,子音動詞ラ行
だます,だます,動詞,子音動詞サ行
たまる,たまる,動詞,子音動詞ラ行
黙る,黙る,動詞,子音動詞ラ行
ためらう,ためらう,動詞,子音動詞ワ行
頼りになる,なる,動詞,子音動詞ラ行
頼る,頼る,動詞,子音動詞ラ行
誕生する,する,動詞,サ変動詞
担当する,する,動詞,サ変動詞
誓う,誓う,動詞,子音動詞ワ行
近づく,近づく,動詞,子音動詞カ行
近寄る,近寄る,動詞,子音動詞ラ行
ちぎる,ちぎる,動詞,子音動詞ラ行
中継する,する,動詞,サ変動詞
忠告する,する,動詞,サ変動詞
注目する,する,動詞,サ変動詞
注文する,する,動詞,サ変動詞
調査する,する,動詞,サ変動詞
徴税する,する,動詞,サ変動詞
調節する,する,動詞,サ変動詞
挑戦する,する,動詞,サ変動詞
直立する,する,動詞,サ変動詞
散らかる,散らかる,動詞,子音動詞ラ行
治療する,する,動詞,サ変動詞
散る,散る,動詞,子音動詞ラ行
追跡する,する,動詞,サ変動詞
費やす,費やす,動詞,子音動詞サ行
通院する,する,動詞,サ変動詞
通勤する,する,動詞,サ変動詞
通じる,通じる,動詞,母音動詞
通信する,する,動詞,サ変動詞
通訳する,する,動詞,サ変動詞
通話する,する,動詞,サ変動詞
捕まえる,捕まえる,動詞,母音動詞
つかむ,つかむ,動詞,子音動詞マ行
つく,つく,動詞,子音動詞カ行
付き合う,付き合う,動詞,子音動詞ワ行
突き指する,する,動詞,サ変動詞
尽くす,尽くす,動詞,子音動詞サ行
作り上げる,上げる,動詞,母音動詞
付け加える,付け加える,動詞,母音動詞
伝え合う,合う,動詞,子音動詞ワ行
伝わる,伝わる,動詞,子音動詞ラ行
続ける,続ける,動詞,母音動詞
努める,努める,動詞,母音動詞
つながる,つながる,動詞,子音動詞ラ行
つなぐ,つなぐ,動詞,子音動詞ガ行
つなげる,つなげる,動詞,母音動詞
つぶす,つぶす,動詞,子音動詞サ行
つぶやく,つぶやく,動詞,子音動詞カ行
つぶれる,つぶれる,動詞,母音動詞
つまずく,つまずく,動詞,子音動詞カ行
積み上げる,上げる,動詞,母音動詞
積み重ねる,積み重ねる,動詞,母音動詞
積む,積む,動詞,子音動詞マ行
詰め込む,込む,動詞,子音動詞マ行
詰める,詰める,動詞,母音動詞
つもる,つもる,動詞,子音動詞ラ行
強まる,強まる,動詞,子音動詞ラ行
強める,強める,動詞,母音動詞
釣る,釣る,動詞,子音動詞ラ行
出会う,出会う,動詞,子音動詞ワ行
提案する,する,動詞,サ変動詞
低下する,する,動詞,サ変動詞
定義する,する,動詞,サ変動詞
提供する,する,動詞,サ変動詞
提出する,する,動詞,サ変動詞
訂正する,する,動詞,サ変動詞
低年齢化する,する,動詞,サ変動詞
低迷する,する,動詞,サ変動詞
出来上がる,上がる,動詞,子音動詞ラ行
適応する,する,動詞,サ変動詞
手助けする,する,動詞,サ変動詞
徹夜する,する,動詞,サ変動詞
手配する,する,動詞,サ変動詞
デビューする,する,動詞,サ変動詞
出前する,する,動詞,サ変動詞
手分けする,する,動詞,サ変動詞
展開する,する,動詞,サ変動詞
伝言する,する,動詞,サ変動詞
展示する,する,動詞,サ変動詞
転職する,する,動詞,サ変動詞
伝達する,する,動詞,サ変動詞
点滅する,する,動詞,サ変動詞
問い合わせる,問い合わせる,動詞,母音動詞
問い掛ける,掛ける,接尾辞,母音動詞
問う,問う,動詞,子音動詞ワ行文語音便形
同意する,する,動詞,サ変動詞
同居する,する,動詞,サ変動詞
動作する,する,動詞,サ変動詞
倒産する,する,動詞,サ変動詞
登場する,する,動詞,サ変動詞
同情する,する,動詞,サ変動詞
当選する,する,動詞,サ変動詞
導入する,する,動詞,サ変動詞
投票する,する,動詞,サ変動詞
登録する,する,動詞,サ変動詞
通す,通す,動詞,子音動詞サ行
解き放す,放す,動詞,子音動詞サ行
解く,解く,動詞,子音動詞カ行
特集する,する,動詞,サ変動詞
読書する,する,動詞,サ変動詞
特徴する,する,動詞,サ変動詞
特定する,する,動詞,サ変動詞
溶ける,溶ける,動詞,母音動詞
登山する,する,動詞,サ変動詞
閉じ込める,込める,動詞,母音動詞
とじこもる,とじこもる,動詞,子音動詞ラ行
整う,整う,動詞,子音動詞ワ行
整える,整える,動詞,母音動詞
怒鳴る,怒鳴る,動詞,子音動詞ラ行
飛ばす,飛ばす,動詞,子音動詞サ行
跳び上がる,上がる,動詞,子音動詞ラ行
飛び出す,飛び出す,動詞,子音動詞サ行
飛び回る,飛び回る,動詞,子音動詞ラ行
飛ぶ,飛ぶ,動詞,子音動詞バ行
跳ぶ,跳ぶ,動詞,子音動詞バ行
伴う,伴う,動詞,子音動詞ワ行
捉える,捉える,動詞,母音動詞
取り上げる,上げる,動詞,母音動詞
取り扱う,取り扱う,動詞,子音動詞ワ行
取り入れる,取り入れる,動詞,母音動詞
取り返す,返す,動詞,子音動詞サ行
取りかかる,取りかかる,動詞,子音動詞ラ行
取り組む,取り組む,動詞,子音動詞マ行
取り消す,取り消す,動詞,子音動詞サ行
取り出す,取り出す,動詞,子音動詞サ行
取り立てる,取り立てる,動詞,母音動詞
取り付ける,取り付ける,動詞,母音動詞
取り除く,取り除く,動詞,子音動詞カ行
取り外す,取り外す,動詞,子音動詞サ行
取り戻す,取り戻す,動詞,子音動詞サ行
努力する,する,動詞,サ変動詞
採る,採る,動詞,子音動詞ラ行
取る,取る,動詞,子音動詞ラ行
トレーニングする,する,動詞,サ変動詞
長生きする,する,動詞,サ変動詞
流す,流す,動詞,子音動詞サ行
長引く,長引く,動詞,子音動詞カ行
眺める,眺める,動詞,母音動詞
流れる,流れる,動詞,母音動詞
鳴く,鳴く,動詞,子音動詞カ行
慰める,慰める,動詞,母音動詞
亡くす,亡くす,動詞,子音動詞サ行
なぐり合う,なぐり合う,動詞,子音動詞ワ行
なぐる,なぐる,動詞,子音動詞ラ行
投げ入れる,投げ入れる,動詞,母音動詞
嘆く,嘆く,動詞,子音動詞カ行
投げ出す,投げ出す,動詞,子音動詞サ行
成す,成す,動詞,子音動詞サ行
懐かしむ,懐かしむ,動詞,子音動詞マ行
納得する,する,動詞,サ変動詞
怠ける,怠ける,動詞,母音動詞
悩む,悩む,動詞,子音動詞マ行
鳴らす,鳴らす,動詞,子音動詞サ行
成り立つ,成り立つ,動詞,子音動詞タ行
鳴る,鳴る,動詞,子音動詞ラ行
なんとかする,する,動詞,子音動詞ラ行
なんとかなる,なる,動詞,子音動詞ラ行
似合う,似合う,動詞,子音動詞ワ行
握る,握る,動詞,子音動詞ラ行
にぎわう,にぎわう,動詞,子音動詞ワ行
憎む,憎む,動詞,子音動詞マ行
煮込む,込む,動詞,子音動詞マ行
濁る,濁る,動詞,子音動詞ラ行
荷造りする,する,動詞,サ変動詞
担う,担う,動詞,子音動詞ワ行
入社する,する,動詞,サ変動詞
入賞する,する,動詞,サ変動詞
似る,似る,動詞,母音動詞
煮る,煮る,動詞,母音動詞
認知する,する,動詞,サ変動詞
抜き取る,抜き取る,動詞,子音動詞ラ行
抜く,抜く,動詞,子音動詞カ行
盗む,盗む,動詞,子音動詞マ行
塗り替える,替える,動詞,母音動詞
塗る,塗る,動詞,子音動詞ラ行
値上がりする,する,動詞,サ変動詞
値下がりする,する,動詞,サ変動詞
ねらう,ねらう,動詞,子音動詞ワ行
逃す,逃す,動詞,子音動詞サ行
残す,残す,動詞,子音動詞サ行
乗せる,乗せる,動詞,母音動詞
載せる,載せる,動詞,母音動詞
のぞく,のぞく,動詞,子音動詞カ行
除く,除く,動詞,子音動詞カ行
臨む,臨む,動詞,子音動詞マ行
望む,望む,動詞,子音動詞マ行
乗っ取る,乗っ取る,動詞,子音動詞ラ行
伸ばす,伸ばす,動詞,子音動詞サ行
延ばす,延ばす,動詞,子音動詞サ行
伸びる,伸びる,動詞,母音動詞
延びる,延びる,動詞,母音動詞
述べる,述べる,動詞,母音動詞
上る,上る,動詞,子音動詞ラ行
乗り越える,乗り越える,動詞,母音動詞
載る,載る,動詞,子音動詞ラ行
把握する,する,動詞,サ変動詞
ハイジャックする,する,動詞,サ変動詞
はう,はう,動詞,子音動詞ワ行
生える,生える,動詞,母音動詞
破壊する,する,動詞,サ変動詞
はがす,はがす,動詞,子音動詞サ行
拍手する,する,動詞,サ変動詞
爆発する,する,動詞,サ変動詞
励ます,励ます,動詞,子音動詞サ行
励む,励む,動詞,子音動詞マ行
始める,始める,動詞,母音動詞
走り回る,走り回る,動詞,子音動詞ラ行
はずれる,はずれる,動詞,母音動詞
働きかける,働きかける,動詞,母音動詞
発揮する,する,動詞,サ変動詞
はっきりする,する,動詞,子音動詞ラ行
発言する,する,動詞,サ変動詞
発行する,する,動詞,サ変動詞
発生する,する,動詞,サ変動詞
発想する,する,動詞,サ変動詞
発達する,する,動詞,サ変動詞
発展する,する,動詞,サ変動詞
発売する,する,動詞,サ変動詞
ばてる,ばてる,動詞,母音動詞
話し合う,合う,動詞,子音動詞ワ行
話しかける,かける,接尾辞,母音動詞
放す,放す,動詞,子音動詞サ行
離れる,離れる,動詞,母音動詞
跳ねる,跳ねる,動詞,母音動詞
はまる,はまる,動詞,子音動詞ラ行
晴らす,晴らす,動詞,子音動詞サ行
張り付ける,張り付ける,動詞,母音動詞
パレードする,する,動詞,サ変動詞
ばれる,ばれる,動詞,母音動詞
繁栄する,する,動詞,サ変動詞
パンクする,する,動詞,サ変動詞
反抗する,する,動詞,サ変動詞
反する,反する,動詞,サ変動詞
反省する,する,動詞,サ変動詞
反則する,する,動詞,サ変動詞
判断する,する,動詞,サ変動詞
判定する,する,動詞,サ変動詞
反応する,する,動詞,サ変動詞
販売する,する,動詞,サ変動詞
反論する,する,動詞,サ変動詞
冷える,冷える,動詞,母音動詞
比較する,する,動詞,サ変動詞
引き上げる,引き上げる,動詞,母音動詞
引き受ける,引き受ける,動詞,母音動詞
引き起こす,引き起こす,動詞,子音動詞サ行
引き返す,返す,動詞,子音動詞サ行
引き下がる,引き下がる,動詞,子音動詞ラ行
引き下げる,引き下げる,動詞,母音動詞
引き出す,引き出す,動詞,子音動詞サ行
ひきつける,つける,動詞,母音動詞
引き取る,引き取る,動詞,子音動詞ラ行
引き伸ばす,引き伸ばす,動詞,子音動詞サ行
引き分ける,引き分ける,動詞,母音動詞
引く,引く,動詞,子音動詞カ行
ひく,ひく,動詞,子音動詞カ行
否決する,する,動詞,サ変動詞
引っかかる,引っかかる,動詞,子音動詞ラ行
引っかける,引っかける,動詞,母音動詞
引っくり返す,引っくり返す,動詞,子音動詞サ行
ひっくり返る,ひっくり返る,動詞,子音動詞ラ行
ヒットする,する,動詞,サ変動詞
引っ張る,引っ張る,動詞,子音動詞ラ行
否定する,する,動詞,サ変動詞
一安心する,する,動詞,サ変動詞
ひねる,ひねる,動詞,子音動詞ラ行
批判する,する,動詞,サ変動詞
評価する,する,動詞,サ変動詞
表記する,する,動詞,サ変動詞
表現する,する,動詞,サ変動詞
表示する,する,動詞,サ変動詞
表彰する,する,動詞,サ変動詞
広がる,広がる,動詞,子音動詞ラ行
広げる,広げる,動詞,母音動詞
広まる,広まる,動詞,子音動詞ラ行
広める,広める,動詞,母音動詞
ファウルする,する,動詞,サ変動詞
フィードバックする,する,動詞,サ変動詞
深まる,深まる,動詞,子音動詞ラ行
深める,深める,動詞,母音動詞
普及する,する,動詞,サ変動詞
吹く,吹く,動詞,子音動詞カ行
拭く,拭く,動詞,子音動詞カ行
含む,含む,動詞,子音動詞マ行
含める,含める,動詞,母音動詞
ふくらむ,ふくらむ,動詞,子音動詞マ行
防ぐ,防ぐ,動詞,子音動詞ガ行
負担する,する,動詞,サ変動詞
ぶつける,ぶつける,動詞,母音動詞
踏まえる,踏まえる,動詞,母音動詞
踏み込む,踏み込む,動詞,子音動詞マ行
振り返る,振り返る,動詞,子音動詞ラ行
振り込む,振り込む,動詞,子音動詞マ行
振り向く,振り向く,動詞,子音動詞カ行
プリントする,する,動詞,サ変動詞
振る,振る,動詞,子音動詞ラ行
ふる,ふる,動詞,子音動詞ラ行
分析する,する,動詞,サ変動詞
分担する,する,動詞,サ変動詞
分別する,する,動詞,サ変動詞
分類する,する,動詞,サ変動詞
平均する,する,動詞,サ変動詞
へこむ,へこむ,動詞,子音動詞マ行
減らす,減らす,動詞,子音動詞サ行
変化する,する,動詞,サ変動詞
変更する,する,動詞,サ変動詞
変装する,する,動詞,サ変動詞
返品する,する,動詞,サ変動詞
放っておく,放っておく,動詞,子音動詞カ行
放り投げる,放り投げる,動詞,母音動詞
放る,放る,動詞,子音動詞ラ行
ほえる,ほえる,動詞,母音動詞
補強する,する,動詞,サ変動詞
保護する,する,動詞,サ変動詞
歩行する,する,動詞,サ変動詞
補充する,する,動詞,サ変動詞
募集する,する,動詞,サ変動詞
保障する,する,動詞,サ変動詞
干す,干す,動詞,子音動詞サ行
補足する,する,動詞,サ変動詞
ほどく,ほどく,動詞,子音動詞カ行
ほどける,ほどける,動詞,母音動詞
ほめる,ほめる,動詞,母音動詞
掘る,掘る,動詞,子音動詞ラ行
埋葬する,する,動詞,サ変動詞
任せる,任せる,動詞,母音動詞
巻く,巻く,動詞,子音動詞カ行
摩擦する,する,動詞,サ変動詞
交える,交える,動詞,母音動詞
混じる,混じる,動詞,子音動詞ラ行
増す,増す,動詞,子音動詞サ行
マスターする,する,動詞,サ変動詞
待ち合わせする,する,動詞,サ変動詞
間違う,間違う,動詞,子音動詞ワ行
待ち構える,待ち構える,動詞,母音動詞
マッサージする,する,動詞,サ変動詞
学ぶ,学ぶ,動詞,子音動詞バ行
招く,招く,動詞,子音動詞カ行
迷う,迷う,動詞,子音動詞ワ行
満足する,する,動詞,サ変動詞
マンネリ化する,する,動詞,サ変動詞
見上げる,見上げる,動詞,母音動詞
見える,見える,動詞,母音動詞
見かける,見かける,動詞,母音動詞
見込む,見込む,動詞,子音動詞マ行
見立てる,見立てる,動詞,母音動詞
満たない,満たない,形容詞,イ形容詞アウオ段
導く,導く,動詞,子音動詞カ行
見つめ合う,合う,動詞,子音動詞ワ行
見積もる,見積もる,動詞,子音動詞ラ行
満ちる,満ちる,動詞,母音動詞
認める,認める,動詞,母音動詞
見直す,見直す,動詞,子音動詞サ行
みなす,みなす,動詞,子音動詞サ行
見慣れる,慣れる,動詞,母音動詞
見逃す,見逃す,動詞,子音動詞サ行
見守る,見守る,動詞,子音動詞ラ行
迎える,迎える,動詞,母音動詞
向く,向く,動詞,子音動詞カ行
むく,むく,動詞,子音動詞カ行
報う,い,接尾辞,イ形容詞アウオ段
報われる,報われる,動詞,母音動詞
向ける,向ける,動詞,母音動詞
むける,むける,動詞,母音動詞
無視する,する,動詞,サ変動詞
矛盾する,する,動詞,サ変動詞
蒸す,蒸す,動詞,子音動詞サ行
結び付ける,付ける,動詞,母音動詞
結ぶ,結ぶ,動詞,子音動詞バ行
命じる,命じる,動詞,母音動詞
命令する,する,動詞,サ変動詞
迷惑する,する,動詞,サ変動詞
メールする,する,動詞,サ変動詞
恵まれる,れる,接尾辞,母音動詞
恵む,恵む,動詞,子音動詞マ行
巡る,巡る,動詞,子音動詞ラ行
目指す,目指す,動詞,子音動詞サ行
目立つ,目立つ,動詞,子音動詞タ行
面接する,する,動詞,サ変動詞
面談する,する,動詞,サ変動詞
もうかる,もうかる,動詞,子音動詞ラ行
もうける,もうける,動詞,母音動詞
設ける,設ける,動詞,母音動詞
申し出る,申し出る,動詞,母音動詞
目撃する,する,動詞,サ変動詞
潜る,潜る,動詞,子音動詞ラ行
もたらす,もたらす,動詞,子音動詞サ行
もたれる,れる,接尾辞,母音動詞
持ち上げる,上げる,動詞,母音動詞
持ち込む,込む,動詞,子音動詞マ行
持ち寄る,持ち寄る,動詞,子音動詞ラ行
基づく,基づく,動詞,子音動詞カ行
求める,求める,動詞,母音動詞
もむ,もむ,動詞,子音動詞マ行
燃やす,燃やす,動詞,子音動詞サ行
催す,催す,動詞,子音動詞サ行
盛り上がる,盛り上がる,動詞,子音動詞ラ行
盛り上げる,盛り上げる,動詞,母音動詞
盛りつける,つける,動詞,母音動詞
盛る,盛る,動詞,子音動詞ラ行
訳す,訳す,動詞,子音動詞サ行
やってくる,やってくる,動詞,カ変動詞
雇う,雇う,動詞,子音動詞ワ行
破る,破る,動詞,子音動詞ラ行
敗れる,敗れる,動詞,母音動詞
やり遂げる,遂げる,動詞,母音動詞
輸血する,する,動詞,サ変動詞
譲る,譲る,動詞,子音動詞ラ行
油断する,する,動詞,サ変動詞
ゆでる,ゆでる,動詞,母音動詞
許す,許す,動詞,子音動詞サ行
揺れる,揺れる,動詞,母音動詞
養殖する,する,動詞,サ変動詞
用心する,する,動詞,サ変動詞
予感する,する,動詞,サ変動詞
予言する,する,動詞,サ変動詞
予告する,する,動詞,サ変動詞
よす,よす,動詞,子音動詞サ行
寄せる,寄せる,動詞,母音動詞
予想する,する,動詞,サ変動詞
予測する,する,動詞,サ変動詞
予知する,する,動詞,サ変動詞
酔っ払う,酔っ払う,動詞,子音動詞ワ行
呼びかける,呼びかける,動詞,母音動詞
呼びつける,つける,動詞,母音動詞
呼ぶ,呼ぶ,動詞,子音動詞バ行
予防する,する,動詞,サ変動詞
読み取る,取る,動詞,子音動詞ラ行
読み間違う,間違う,動詞,子音動詞ワ行
喜ぶ,喜ぶ,動詞,子音動詞バ行
弱まる,弱まる,動詞,子音動詞ラ行
弱める,弱める,動詞,母音動詞
来日する,する,動詞,サ変動詞
ランクする,する,動詞,サ変動詞
乱暴する,する,動詞,サ変動詞
理解する,する,動詞,サ変動詞
履修する,する,動詞,サ変動詞
流行する,する,動詞,サ変動詞
流通する,する,動詞,サ変動詞
了承する,する,動詞,サ変動詞
冷凍する,する,動詞,サ変動詞
恋愛する,する,動詞,サ変動詞
連想する,する,動詞,サ変動詞
労働する,する,動詞,サ変動詞
分かれる,分かれる,動詞,母音動詞
湧く,湧く,動詞,子音動詞カ行
沸く,沸く,動詞,子音動詞カ行
わたる,わたる,動詞,子音動詞ラ行
笑い飛ばす,飛ばす,動詞,子音動詞サ行
割り込む,込む,動詞,子音動詞マ行
割り引く,割り引く,動詞,子音動詞カ行
割る,割る,動詞,子音動詞ラ行
