だ,だ,判定詞,
会う,会う,動詞,子音動詞ワ行
あう,あう,動詞,子音動詞ワ行
在る,在る,動詞,子音動詞ラ行
ある,ある,動詞,子音動詞ラ行
集める,集める,動詞,母音動詞
あつめる,あつめる,動詞,母音動詞
合う,合う,動詞,子音動詞ワ行
有る,有る,動詞,子音動詞ラ行
扱う,扱う,動詞,子音動詞ワ行
あつかう,あつかう,動詞,子音動詞ワ行
遭う,遭う,動詞,子音動詞ワ行
荒れる,荒れる,動詞,母音動詞
あれる,あれる,動詞,母音動詞
侮る,侮る,動詞,子音動詞ラ行
あなどる,あなどる,動詞,子音動詞ラ行
飽かす,飽かす,動詞,子音動詞ラ行
あかす,あかす,動詞,子音動詞サ行
合わす,合わす,動詞,子音動詞サ行
あわす,あわす,動詞,子音動詞サ行
暴く,暴く,動詞,子音動詞カ行
あばく,あばく,動詞,子音動詞カ行
明かす,明かす,動詞,子音動詞サ行
合わせる,合わせる,動詞,母音動詞
あわせる,あわせる,動詞,母音動詞
暴れる,暴れる,動詞,母音動詞
あばれる,あばれる,動詞,母音動詞
挙がる,挙がる,動詞,子音動詞ラ行
あがる,あがる,動詞,子音動詞ラ行
仰ぐ,仰ぐ,動詞,子音動詞ガ行
あおぐ,あおぐ,動詞,子音動詞ガ行
甘える,甘える,動詞,母音動詞
あまえる,あまえる,動詞,母音動詞
上がる,上がる,動詞,子音動詞ラ行
赤らむ,赤らむ,動詞,子音動詞マ行
あからむ,あからむ,動詞,子音動詞マ行
余す,余す,動詞,子音動詞サ行
あます,あます,動詞,子音動詞サ行
揚がる,揚がる,動詞,子音動詞ラ行
明らむ,明らむ,動詞,子音動詞マ行
甘やかす,甘やかす,動詞,子音動詞サ行
あまやかす,あまやかす,動詞,子音動詞サ行
飽きる,飽きる,動詞,母音動詞
あきる,あきる,動詞,母音動詞
赤らめる,赤らめる,動詞,母音動詞
あからめる,あからめる,動詞,母音動詞
余る,余る,動詞,子音動詞ラ行
あまる,あまる,動詞,子音動詞ラ行
開く,開く,動詞,子音動詞カ行
あく,あく,動詞,子音動詞カ行
明るむ,明るむ,動詞,子音動詞マ行
あかるむ,あかるむ,動詞,子音動詞マ行
怪しむ,怪しむ,動詞,子音動詞マ行
あやしむ,あやしむ,動詞,子音動詞マ行
空く,空く,動詞,子音動詞カ行
商う,商う,動詞,子音動詞ワ行
あきなう,あきなう,動詞,子音動詞ワ行
危ぶむ,危ぶむ,動詞,子音動詞マ行
あやぶむ,あやぶむ,動詞,子音動詞マ行
明く,明く,動詞,子音動詞カ行
欺く,欺く,動詞,子音動詞カ行
あざむく,あざむく,動詞,子音動詞カ行
操る,操る,動詞,子音動詞ラ行
あやつる,あやつる,動詞,子音動詞ラ行
開ける,開ける,動詞,母音動詞
あける,あける,動詞,母音動詞
味わう,味わう,動詞,子音動詞ワ行
あじわう,あじわう,動詞,子音動詞ワ行
過つ,過つ,動詞,子音動詞タ行
あやまつ,あやまつ,動詞,子音動詞タ行
揚げる,揚げる,動詞,母音動詞
あげる,あげる,動詞,母音動詞
預かる,預かる,動詞,子音動詞ラ行
あずかる,あずかる,動詞,子音動詞ラ行
誤る,誤る,動詞,子音動詞ラ行
あやまる,あやまる,動詞,子音動詞ラ行
空ける,空ける,動詞,母音動詞
預ける,預ける,動詞,母音動詞
あずける,あずける,動詞,母音動詞
謝る,謝る,動詞,子音動詞ラ行
明ける,明ける,動詞,母音動詞
焦る,焦る,動詞,子音動詞ラ行
あせる,あせる,動詞,子音動詞ラ行
編む,編む,動詞,子音動詞マ行
あゆむ,あゆむ,動詞,子音動詞マ行
挙げる,挙げる,動詞,母音動詞
遊ぶ,遊ぶ,動詞,子音動詞バ行
あそぶ,あそぶ,動詞,子音動詞バ行
歩む,歩む,動詞,子音動詞マ行
上げる,上げる,動詞,母音動詞
与える,与える,動詞,母音動詞
あたえる,あたえる,動詞,母音動詞
洗う,洗う,動詞,子音動詞ワ行
あらう,あらう,動詞,子音動詞ワ行
当たる,当たる,動詞,子音動詞ラ行
あたる,あたる,動詞,子音動詞ラ行
温まる,温まる,動詞,子音動詞ラ行
あたたまる,あたたまる,動詞,子音動詞ラ行
争う,争う,動詞,子音動詞ワ行
あらそう,あらそう,動詞,子音動詞ワ行
充てる,充てる,動詞,母音動詞
あてる,あてる,動詞,母音動詞
暖まる,暖まる,動詞,子音動詞ラ行
改まる,改まる,動詞,子音動詞ラ行
あらたまる,あらたまる,動詞,子音動詞ラ行
当てる,当てる,動詞,母音動詞
緩める,緩める,動詞,母音動詞
あたためる,あたためる,動詞,母音動詞
改める,改める,動詞,母音動詞
あらためる,あらためる,動詞,母音動詞
浴びせる,浴びせる,動詞,母音動詞
あびせる,あびせる,動詞,母音動詞
温める,温める,動詞,母音動詞
現す,現す,動詞,子音動詞サ行
あらわす,あらわす,動詞,子音動詞サ行
浴びる,浴びる,動詞,母音動詞
あびる,あびる,動詞,母音動詞
暖める,暖める,動詞,母音動詞
著す,著す,動詞,子音動詞サ行
荒らす,荒らす,動詞,子音動詞サ行
あらす,あらす,動詞,子音動詞サ行
集まる,集まる,動詞,子音動詞ラ行
あつまる,あつまる,動詞,子音動詞ラ行
表す,表す,動詞,子音動詞サ行
現れる,現れる,動詞,母音動詞
あらわれる,あらわれる,動詞,母音動詞
急ぐ,急ぐ,動詞,子音動詞ガ行
いそぐ,いそぐ,動詞,子音動詞ガ行
浮かぶ,浮かぶ,動詞,子音動詞バ行
うかぶ,うかぶ,動詞,子音動詞バ行
表れる,表れる,動詞,母音動詞
致す,致す,動詞,子音動詞サ行
いたす,いたす,動詞,子音動詞サ行
浮かべる,浮かべる,動詞,母音動詞
うかべる,うかべる,動詞,母音動詞
歩く,歩く,動詞,子音動詞カ行
あるく,あるく,動詞,子音動詞カ行
傷む,傷む,動詞,子音動詞マ行
いたむ,いたむ,動詞,子音動詞マ行
受かる,受かる,動詞,子音動詞ラ行
うかる,うかる,動詞,子音動詞ラ行
併せる,併せる,動詞,母音動詞
痛む,痛む,動詞,子音動詞マ行
浮かれる,浮かれる,動詞,母音動詞
うかれる,うかれる,動詞,母音動詞
慌てる,慌てる,動詞,母音動詞
あわてる,あわてる,動詞,母音動詞
悼む,悼む,動詞,子音動詞マ行
受ける,受ける,動詞,母音動詞
うける,うける,動詞,母音動詞
哀れむ,哀れむ,動詞,子音動詞マ行
あわれむ,あわれむ,動詞,子音動詞マ行
傷める,傷める,動詞,母音動詞
いためる,いためる,動詞,母音動詞
請ける,請ける,動詞,母音動詞
言う,言う,動詞,子音動詞ワ行
いう,いう,動詞,子音動詞ワ行
痛める,痛める,動詞,母音動詞
撃つ,撃つ,動詞,子音動詞タ行
うつ,うつ,動詞,子音動詞タ行
生かす,生かす,動詞,子音動詞サ行
いかす,いかす,動詞,子音動詞サ行
至る,至る,動詞,子音動詞ラ行
いたる,いたる,動詞,子音動詞ラ行
打つ,打つ,動詞,子音動詞タ行
生きる,生きる,動詞,母音動詞
いきる,いきる,動詞,母音動詞
抱く,抱く,動詞,子音動詞カ行
いだく,いだく,動詞,子音動詞カ行
討つ,討つ,動詞,子音動詞タ行
行く,行く,動詞,子音動詞カ行促音便形
いく,いく,動詞,子音動詞カ行促音便形
頂く,頂く,動詞,子音動詞カ行
いただく,いただく,動詞,子音動詞カ行
埋まる,埋まる,動詞,子音動詞ラ行
うまる,うまる,動詞,子音動詞ラ行
逝く,逝く,動詞,子音動詞カ行促音便形
慈しむ,慈しむ,動詞,子音動詞マ行
いつくしむ,いつくしむ,動詞,子音動詞マ行
産まれる,産まれる,動詞,母音動詞
うまれる,うまれる,動詞,母音動詞
生ける,生ける,動詞,母音動詞
いける,いける,動詞,母音動詞
偽る,偽る,動詞,子音動詞ラ行
いつわる,いつわる,動詞,子音動詞ラ行
生まれる,生まれる,動詞,母音動詞
忌む,忌む,動詞,子音動詞マ行
いむ,いむ,動詞,子音動詞マ行
臨む,臨む,動詞,子音動詞マ行
いどむ,いどむ,動詞,子音動詞マ行
産む,産む,動詞,子音動詞マ行
うむ,うむ,動詞,子音動詞マ行
鋳る,鋳る,動詞,母音動詞
いる,いる,動詞,母音動詞
挑む,挑む,動詞,子音動詞マ行
生む,生む,動詞,子音動詞マ行
入る,入る,動詞,子音動詞ラ行
営む,営む,動詞,子音動詞マ行
いとなむ,いとなむ,動詞,子音動詞マ行
埋める,埋める,動詞,母音動詞
うめる,うめる,動詞,母音動詞
居る,居る,動詞,子音動詞ラ行
祈る,祈る,動詞,子音動詞ラ行
いのる,いのる,動詞,子音動詞ラ行
埋もれる,埋もれる,動詞,母音動詞
うもれる,うもれる,動詞,母音動詞
射る,射る,動詞,母音動詞
折る,折る,動詞,子音動詞ラ行
得る,得る,動詞,母音動詞
うる,うる,動詞,母音動詞
要る,要る,動詞,子音動詞ラ行
戒める,戒める,動詞,母音動詞
いましめる,いましめる,動詞,母音動詞
売る,売る,動詞,子音動詞ラ行
入れる,入れる,動詞,母音動詞
いれる,いれる,動詞,母音動詞
卑しむ,卑しむ,動詞,子音動詞マ行
いやしむ,いやしむ,動詞,子音動詞マ行
売れる,売れる,動詞,母音動詞
うれる,うれる,動詞,母音動詞
怒る,怒る,動詞,子音動詞ラ行
いかる,いかる,動詞,子音動詞ラ行
卑しめる,卑しめる,動詞,母音動詞
いやしめる,いやしめる,動詞,母音動詞
熟れる,熟れる,動詞,母音動詞
憤る,憤る,動詞,子音動詞ラ行
いきどおる,いきどおる,動詞,子音動詞ラ行
彩る,彩る,動詞,子音動詞ラ行
いろどる,いろどる,動詞,子音動詞ラ行
植わる,植わる,動詞,子音動詞ラ行
うわる,うわる,動詞,子音動詞ラ行
憩う,憩う,動詞,子音動詞ワ行
いこう,いこう,動詞,子音動詞ワ行
祝う,祝う,動詞,子音動詞ワ行
いわう,いわう,動詞,子音動詞ワ行
伺う,伺う,動詞,子音動詞ワ行
うかがう,うかがう,動詞,子音動詞ワ行
勇む,勇む,動詞,子音動詞マ行
いさむ,いさむ,動詞,子音動詞マ行
飢える,飢える,動詞,母音動詞
うえる,うえる,動詞,母音動詞
承る,承る,動詞,子音動詞ラ行
うけたまわる,うけたまわる,動詞,子音動詞ラ行
誘う,誘う,動詞,子音動詞ワ行
いざなう,いざなう,動詞,子音動詞ワ行
植える,植える,動詞,母音動詞
動かす,動かす,動詞,子音動詞サ行
うごかす,うごかす,動詞,子音動詞サ行
動く,動く,動詞,子音動詞カ行
うごく,うごく,動詞,子音動詞カ行
潤む,潤む,動詞,子音動詞マ行
うるむ,うるむ,動詞,子音動詞マ行
降りる,降りる,動詞,母音動詞
おりる,おりる,動詞,母音動詞
浮く,浮く,動詞,子音動詞カ行
潤う,潤う,動詞,子音動詞ワ行
うるおう,うるおう,動詞,子音動詞ワ行
下りる,下りる,動詞,母音動詞
失う,失う,動詞,子音動詞ワ行
うしなう,うしなう,動詞,子音動詞ワ行
愁える,愁える,動詞,母音動詞
うれえる,うれえる,動詞,母音動詞
織る,織る,動詞,子音動詞ラ行
おる,おる,動詞,子音動詞ラ行
薄まる,薄まる,動詞,子音動詞ラ行
うすまる,うすまる,動詞,子音動詞ラ行
憂える,憂える,動詞,母音動詞
折れる,折れる,動詞,母音動詞
おれる,おれる,動詞,母音動詞
薄める,薄める,動詞,母音動詞
うすめる,うすめる,動詞,母音動詞
笑む,笑む,動詞,子音動詞マ行
えむ,えむ,動詞,子音動詞マ行
下ろす,下ろす,動詞,子音動詞サ行
おろす,おろす,動詞,子音動詞サ行
薄らぐ,薄らぐ,動詞,子音動詞ガ行
うすらぐ,うすらぐ,動詞,子音動詞ガ行
える,える,動詞,母音動詞
降ろす,降ろす,動詞,子音動詞サ行
薄れる,薄れる,動詞,母音動詞
うすれる,うすれる,動詞,母音動詞
描く,描く,動詞,子音動詞カ行
えがく,えがく,動詞,子音動詞カ行
終わる,終わる,動詞,子音動詞ラ行
おわる,おわる,動詞,子音動詞ラ行
潤す,潤す,動詞,子音動詞サ行
うるおす,うるおす,動詞,子音動詞サ行
選ぶ,選ぶ,動詞,子音動詞バ行
えらぶ,えらぶ,動詞,子音動詞バ行
覆う,覆う,動詞,子音動詞ワ行
おおう,おう,動詞,子音動詞ワ行
歌う,歌う,動詞,子音動詞ワ行
うたう,うたう,動詞,子音動詞ワ行
老いる,老いる,動詞,母音動詞
おいる,おいる,動詞,母音動詞
浸す,浸す,動詞,子音動詞サ行
おかす,おかす,動詞,子音動詞サ行
謡う,謡う,動詞,子音動詞ワ行
生う,生う,動詞,子音動詞ア行
おう,おう,動詞,子音動詞ア行
犯す,犯す,動詞,子音動詞サ行
疑う,疑う,動詞,子音動詞ワ行
うたがう,うたがう,動詞,子音動詞ワ行
追う,追う,動詞,子音動詞ワ行
冒す,冒す,動詞,子音動詞サ行
映す,映す,動詞,子音動詞サ行
うつす,うつす,動詞,子音動詞サ行
負う,負う,動詞,子音動詞ワ行
拝む,拝む,動詞,子音動詞マ行
おがむ,おがむ,動詞,子音動詞マ行
移す,移す,動詞,子音動詞サ行
終える,終える,動詞,母音動詞
おえる,おえる,動詞,母音動詞
補う,補う,動詞,子音動詞ワ行
おぎなう,おぎなう,動詞,子音動詞ワ行
写す,写す,動詞,子音動詞サ行
起きる,起きる,動詞,母音動詞
おきる,おきる,動詞,母音動詞
遅らす,遅らす,動詞,子音動詞サ行
おくらす,おくらす,動詞,子音動詞サ行
映る,映る,動詞,子音動詞ラ行
うつる,うつる,動詞,子音動詞ラ行
置く,置く,動詞,子音動詞カ行
おく,おく,動詞,子音動詞カ行
送る,送る,動詞,子音動詞ラ行
おくる,おくる,動詞,子音動詞ラ行
移る,移る,動詞,子音動詞ラ行
起こす,起こす,動詞,子音動詞サ行
おこす,おこす,動詞,子音動詞サ行
贈る,贈る,動詞,子音動詞ラ行
写る,写る,動詞,子音動詞ラ行
起こる,起こる,動詞,子音動詞ラ行
おこる,おこる,動詞,子音動詞ラ行
後れる,後れる,動詞,母音動詞
おくれる,おくれる,動詞,母音動詞
訴える,訴える,動詞,母音動詞
うったえる,うったえる,動詞,母音動詞
押さえる,押さえる,動詞,母音動詞
おさえる,おさえる,動詞,母音動詞
遅れる,遅れる,動詞,母音動詞
疎む,疎む,動詞,子音動詞マ行
うとむ,うとむ,動詞,子音動詞マ行
惜しむ,惜しむ,動詞,子音動詞マ行
おしむ,おしむ,動詞,子音動詞マ行
興す,興す,動詞,子音動詞サ行
促す,促す,動詞,子音動詞サ行
うながす,うながす,動詞,子音動詞サ行
押す,押す,動詞,子音動詞サ行
おす,おす,動詞,子音動詞サ行
奪う,奪う,動詞,子音動詞ワ行
うばう,うばう,動詞,子音動詞ワ行
推す,推す,動詞,子音動詞サ行
興る,興る,動詞,子音動詞ラ行
敬う,敬う,動詞,子音動詞ワ行
うやまう,うやまう,動詞,子音動詞ワ行
落ちる,落ちる,動詞,母音動詞
おちる,おちる,動詞,母音動詞
怠る,怠る,動詞,子音動詞ラ行
おこたる,おこたる,動詞,子音動詞ラ行
恨む,恨む,動詞,子音動詞マ行
うらむ,うらむ,動詞,子音動詞マ行
落とす,落とす,動詞,子音動詞サ行
おとす,おとす,動詞,子音動詞サ行
行う,行う,動詞,子音動詞ワ行
おこなう,おこなう,動詞,子音動詞ワ行
占う,占う,動詞,子音動詞ワ行
うらなう,うらなう,動詞,子音動詞ワ行
帯びる,帯びる,動詞,母音動詞
おびる,おびる,動詞,母音動詞
抑える,抑える,動詞,母音動詞
治まる,治まる,動詞,子音動詞ラ行
おさまる,おさまる,動詞,子音動詞ラ行
脅かす,脅かす,動詞,子音動詞サ行
おびやかす,おびやかす,動詞,子音動詞サ行
駆ける,駆ける,動詞,母音動詞
かける,かける,動詞,母音動詞
収まる,収まる,動詞,子音動詞ラ行
覚える,覚える,動詞,母音動詞
おぼえる,おぼえる,動詞,母音動詞
懸ける,懸ける,動詞,母音動詞
修まる,修まる,動詞,母音動詞
思う,思う,動詞,子音動詞ワ行
おもう,おもう,動詞,子音動詞ワ行
貸す,貸す,動詞,子音動詞サ行
かす,かす,動詞,子音動詞サ行
鎮まる,鎮まる,動詞,子音動詞ラ行
赴く,赴く,動詞,子音動詞カ行
おもむく,おもむく,動詞,子音動詞カ行
勝つ,勝つ,動詞,子音動詞タ行
かつ,かつ,動詞,子音動詞タ行
納まる,納まる,動詞,子音動詞ラ行
泳ぐ,泳ぐ,動詞,子音動詞ガ行
およぐ,およぐ,動詞,子音動詞ガ行
兼ねる,兼ねる,動詞,母音動詞
かねる,かねる,動詞,母音動詞
治める,治める,動詞,母音動詞
おさめる,おさめる,動詞,母音動詞
及ぶ,及ぶ,動詞,子音動詞バ行
およぶ,およぶ,動詞,子音動詞バ行
枯らす,枯らす,動詞,子音動詞サ行
からす,からす,動詞,子音動詞サ行
収める,収める,動詞,母音動詞
及ぼす,及ぼす,動詞,子音動詞サ行
およぼす,およぼす,動詞,子音動詞サ行
借りる,借りる,動詞,母音動詞
かりる,かりる,動詞,母音動詞
修める,修める,動詞,母音動詞
卸す,卸す,動詞,子音動詞サ行
刈る,刈る,動詞,子音動詞ラ行
かる,かる,動詞,子音動詞ラ行
納める,納める,動詞,母音動詞
飼う,飼う,動詞,子音動詞ワ行
かう,かう,動詞,子音動詞ワ行
駆る,駆る,動詞,子音動詞ラ行
教える,教える,動詞,母音動詞
おしえる,おしえる,動詞,母音動詞
買う,買う,動詞,子音動詞ワ行
狩る,狩る,動詞,子音動詞ラ行
襲う,襲う,動詞,子音動詞ワ行
おそう,おす,動詞,子音動詞サ行
替える,替える,動詞,母音動詞
かえる,かえる,動詞,母音動詞
枯れる,枯れる,動詞,母音動詞
かれる,かれる,動詞,母音動詞
恐れる,恐れる,動詞,母音動詞
おそれる,おそれる,動詞,母音動詞
換える,換える,動詞,母音動詞
交わす,交わす,動詞,子音動詞サ行
かわす,かわす,動詞,子音動詞サ行
教わる,教わる,動詞,子音動詞ラ行
おそわる,おそわる,動詞,子音動詞ラ行
代える,代える,動詞,母音動詞
換わる,換わる,動詞,子音動詞ラ行
かわる,かわる,動詞,子音動詞ラ行
陥る,陥る,動詞,子音動詞ラ行
おちいる,おちいる,動詞,子音動詞ラ行
変える,変える,動詞,母音動詞
替わる,替わる,動詞,子音動詞ラ行
劣る,劣る,動詞,子音動詞ラ行
おとる,おとる,動詞,子音動詞ラ行
架かる,架かる,動詞,子音動詞ラ行
かかる,かかる,動詞,子音動詞ラ行
代わる,代わる,動詞,子音動詞ラ行
おどかす,おどかす,動詞,子音動詞サ行
掛かる,掛かる,動詞,子音動詞ラ行
変わる,変わる,動詞,子音動詞ラ行
脅す,脅す,動詞,子音動詞サ行
おどす,おどす,動詞,子音動詞サ行
懸かる,懸かる,動詞,子音動詞ラ行
返す,返す,動詞,子音動詞サ行
かえす,かえす,動詞,子音動詞サ行
躍る,躍る,動詞,子音動詞ラ行
おどる,おどる,動詞,子音動詞ラ行
乾く,乾く,動詞,子音動詞カ行
かわく,かわく,動詞,子音動詞カ行
帰る,帰る,動詞,子音動詞ラ行
踊る,踊る,動詞,子音動詞ラ行
傾く,傾く,動詞,子音動詞カ行
返る,返る,動詞,子音動詞ラ行
陥れる,陥れる,動詞,母音動詞
おとしいれる,おとしいれる,動詞,母音動詞
欠く,欠く,動詞,子音動詞カ行
顧みる,顧みる,動詞,母音動詞
かえりみる,かえりみる,動詞,母音動詞
訪れる,訪れる,動詞,母音動詞
おとずれる,おとずれる,動詞,母音動詞
書く,書く,動詞,子音動詞カ行
かく,かく,動詞,子音動詞カ行
省みる,省みる,動詞,母音動詞
衰える,衰える,動詞,母音動詞
おとろえる,おとろえる,動詞,母音動詞
欠ける,欠ける,動詞,母音動詞
薫る,薫る,動詞,子音動詞ラ行
かおる,かおる,動詞,子音動詞ラ行
驚かす,驚かす,動詞,子音動詞サ行
おどろかす,おどろかす,動詞,子音動詞サ行
架ける,架ける,動詞,母音動詞
香る,香る,動詞,子音動詞ラ行
驚く,驚く,動詞,子音動詞カ行
おどろく,おどろく,動詞,子音動詞カ行
掛ける,掛ける,動詞,母音動詞
抱える,抱える,動詞,母音動詞
かかえる,かかえる,動詞,母音動詞
掲げる,掲げる,動詞,母音動詞
かかげる,かかげる,動詞,母音動詞
構える,構える,動詞,母音動詞
かまえる,かまえる,動詞,母音動詞
来す,来す,動詞,子音動詞サ行
きたす,きたす,動詞,子音動詞サ行
係る,係る,動詞,子音動詞ラ行
醸す,醸す,動詞,子音動詞サ行
かもす,かもす,動詞,子音動詞サ行
来る,来る,動詞,カ変動詞来
きたる,きたる,動詞,カ変動詞来
輝く,輝く,動詞,子音動詞カ行
かがやく,かがやく,動詞,子音動詞カ行
通う,通う,動詞,子音動詞ワ行
かよう,かよう,動詞,子音動詞ワ行
築く,築く,動詞,子音動詞カ行
きづく,きづく,動詞,子音動詞カ行
限る,限る,動詞,子音動詞ラ行
かぎる,かぎる,動詞,子音動詞ラ行
絡まる,絡まる,動詞,子音動詞ラ行
からまる,からまる,動詞,子音動詞ラ行
清まる,清まる,動詞,子音動詞ラ行
きよまる,きよまる,動詞,子音動詞ラ行
隠す,隠す,動詞,子音動詞サ行
かくす,かくす,動詞,子音動詞サ行
絡む,絡む,動詞,子音動詞マ行
からむ,からむ,動詞,子音動詞マ行
清める,清める,動詞,母音動詞
きよめる,きよめる,動詞,母音動詞
隠れる,隠れる,動詞,母音動詞
かくれる,かくれる,動詞,母音動詞
乾かす,乾かす,動詞,子音動詞サ行
かわかす,かわかす,動詞,子音動詞サ行
嫌う,嫌う,動詞,子音動詞ワ行
きらう,きらう,動詞,子音動詞ワ行
陰る,陰る,動詞,子音動詞ラ行
かげる,かげる,動詞,子音動詞ラ行
渇く,渇く,動詞,子音動詞カ行
かわく,かわく,動詞,子音動詞カ行
窮まる,窮まる,動詞,子音動詞ラ行
きわまる,きわまる,動詞,子音動詞ラ行
囲う,囲う,動詞,子音動詞ワ行
かこう,かこう,動詞,子音動詞ワ行
考える,考える,動詞,母音動詞
かんがえる,かんがえる,動詞,母音動詞
極まる,極まる,動詞,子音動詞ラ行
囲む,囲む,動詞,子音動詞マ行
かこむ,かこむ,動詞,子音動詞マ行
消える,消える,動詞,母音動詞
きえる,きえる,動詞,母音動詞
究める,究める,動詞,母音動詞
きわめる,きわめる,動詞,母音動詞
重なる,重なる,動詞,子音動詞ラ行
かさなる,かさなる,動詞,子音動詞ラ行
効く,効く,動詞,子音動詞カ行
きく,きく,動詞,子音動詞カ行
窮める,窮める,動詞,母音動詞
重ねる,重ねる,動詞,母音動詞
かさねる,かさねる,動詞,母音動詞
聴く,聴く,動詞,子音動詞カ行
極める,極める,動詞,母音動詞
飾る,飾る,動詞,子音動詞ラ行
かざる,かざる,動詞,子音動詞ラ行
聞く,聞く,動詞,子音動詞カ行
悔いる,悔いる,動詞,母音動詞
くいる,くいる,動詞,母音動詞
数える,数える,動詞,母音動詞
かぞえる,かぞえる,動詞,母音動詞
聞こえる,聞こえる,動詞,母音動詞
きこえる,きこえる,動詞,母音動詞
食う,食う,動詞,子音動詞ワ行
くう,くう,動詞,子音動詞ワ行
固まる,固まる,動詞,子音動詞ラ行
かたまる,かたまる,動詞,子音動詞ラ行
帰す,帰する,動詞,サ変動詞
きす,きす,動詞,サ変動詞
朽ちる,朽ちる,動詞,母音動詞
くちる,くちる,動詞,母音動詞
固める,固める,動詞,母音動詞
かためる,かためる,動詞,母音動詞
着せる,着せる,動詞,母音動詞
きせる,きせる,動詞,母音動詞
酌む,酌む,動詞,子音動詞マ行
くむ,くむ,動詞,子音動詞マ行
語らう,語らう,動詞,子音動詞ワ行
かたらう,かたらう,動詞,子音動詞ワ行
決まる,決まる,動詞,子音動詞ラ行
きまる,きまる,動詞,子音動詞ラ行
組む,組む,動詞,子音動詞マ行
語る,語る,動詞,子音動詞ラ行
かたる,かたる,動詞,子音動詞ラ行
決める,決める,動詞,母音動詞
きめる,きめる,動詞,母音動詞
悔やむ,悔やむ,動詞,子音動詞マ行
くやむ,くやむ,動詞,子音動詞マ行
傾ける,傾ける,動詞,母音動詞
かたむける,かたむける,動詞,母音動詞
着る,着る,動詞,母音動詞
きる,きる,動詞,子音動詞ラ行
食らう,食らう,動詞,子音動詞ワ行
くらう,くらう,動詞,子音動詞ワ行
偏る,偏る,動詞,子音動詞ラ行
かたよる,かたよる,動詞,子音動詞ラ行
切る,切る,動詞,子音動詞ラ行
暮らす,暮らす,動詞,子音動詞サ行
くらす,くらす,動詞,子音動詞サ行
担ぐ,担ぐ,動詞,子音動詞ガ行
かつぐ,かつぐ,動詞,子音動詞ガ行
切れる,切れる,動詞,母音動詞
きれる,きれる,動詞,母音動詞
くる,くる,動詞,カ変動詞
悲しむ,悲しむ,動詞,子音動詞マ行
かなしむ,かなしむ,動詞,子音動詞マ行
兆す,兆す,動詞,子音動詞サ行
きざす,きざす,動詞,子音動詞サ行
繰る,繰る,動詞,子音動詞ラ行
奏でる,奏でる,動詞,母音動詞
かなでる,かなでる,動詞,母音動詞
刻む,刻む,動詞,子音動詞マ行
きざむ,きざむ,動詞,子音動詞マ行
暮れる,暮れる,動詞,母音動詞
くれる,くれる,動詞,母音動詞
被る,被る,動詞,子音動詞ラ行
かぶる,かぶる,動詞,子音動詞ラ行
競う,競う,動詞,子音動詞ワ行
きそう,きそう,動詞,子音動詞ワ行
腐らす,腐らす,動詞,子音動詞サ行
くさらす,くさらす,動詞,子音動詞サ行
構う,構う,動詞,子音動詞ワ行
かまう,かまう,動詞,子音動詞ワ行
鍛える,鍛える,動詞,母音動詞
きたえる,きたえる,動詞,母音動詞
腐る,腐る,動詞,子音動詞ラ行
くさる,くさる,動詞,子音動詞ラ行
腐れる,腐れる,動詞,母音動詞
くされる,くされる,動詞,母音動詞
恋う,恋う,動詞,子音動詞ワ行文語音便形
こう,こう,動詞,子音動詞ワ行文語音便形
断る,断る,動詞,子音動詞ラ行
ことわる,ことわる,動詞,子音動詞ラ行
崩す,崩す,動詞,子音動詞サ行
くずす,くずす,動詞,子音動詞サ行
越える,越える,動詞,母音動詞
こえる,こえる,動詞,母音動詞
好む,好む,動詞,子音動詞マ行
このむ,このむ,動詞,子音動詞マ行
崩れる,崩れる,動詞,母音動詞
くずれる,くずれる,動詞,母音動詞
超える,超える,動詞,母音動詞
拒む,拒む,動詞,子音動詞マ行
こばむ,こばむ,動詞,子音動詞マ行
砕く,砕く,動詞,子音動詞カ行
くだく,くだく,動詞,子音動詞カ行
肥える,肥える,動詞,母音動詞
困る,困る,動詞,子音動詞ラ行
こまる,こまる,動詞,子音動詞ラ行
砕ける,砕ける,動詞,母音動詞
くだける,くだける,動詞,母音動詞
焦がす,焦がす,動詞,子音動詞サ行
こがす,こがす,動詞,子音動詞サ行
堪える,堪える,動詞,母音動詞
こらえる,こらえる,動詞,母音動詞
下す,下す,動詞,子音動詞サ行
くだす,くだす,動詞,子音動詞サ行
焦がれる,焦がれる,動詞,母音動詞
こがれる,こがれる,動詞,母音動詞
転がす,転がす,動詞,子音動詞サ行
ころがす,ころがす,動詞,子音動詞サ行
下る,下る,動詞,子音動詞ラ行
くだる,くだる,動詞,子音動詞ラ行
焦げる,焦げる,動詞,母音動詞
こげる,こげる,動詞,母音動詞
転がる,転がる,動詞,子音動詞ラ行
ころがる,ころがる,動詞,子音動詞ラ行
覆す,覆す,動詞,子音動詞サ行
くつがえす,くつがえす,動詞,子音動詞サ行
越す,越す,動詞,子音動詞サ行
こす,こす,動詞,子音動詞サ行
転げる,転げる,動詞,母音動詞
ころげる,ころげる,動詞,母音動詞
覆る,覆る,動詞,子音動詞ラ行
くつがえる,くつがえる,動詞,子音動詞ラ行
超す,超す,動詞,子音動詞サ行
殺す,殺す,動詞,子音動詞サ行
ころす,ころす,動詞,子音動詞サ行
配る,配る,動詞,子音動詞ラ行
くばる,くばる,動詞,子音動詞ラ行
込む,込む,動詞,子音動詞マ行
こむ,こむ,動詞,子音動詞マ行
転ぶ,転ぶ,動詞,子音動詞バ行
ころぶ,ころぶ,動詞,子音動詞バ行
曇る,曇る,動詞,子音動詞ラ行
くもる,くもる,動詞,子音動詞ラ行
込める,込める,動詞,母音動詞
こめる,こめる,動詞,母音動詞
壊す,壊す,動詞,子音動詞サ行
こわす,こわす,動詞,子音動詞サ行
比べる,比べる,動詞,母音動詞
くらべる,くらべる,動詞,母音動詞
肥やす,肥やす,動詞,子音動詞サ行
こやす,こやす,動詞,子音動詞サ行
壊れる,壊れる,動詞,母音動詞
こわれる,こわれる,動詞,母音動詞
苦しむ,苦しむ,動詞,子音動詞マ行
くるしむ,くるしむ,動詞,子音動詞マ行
懲らしめる,懲らしめる,動詞,母音動詞
こらしめる,こらしめる,動詞,母音動詞
下がる,下がる,動詞,子音動詞ラ行
さがる,さがる,動詞,子音動詞ラ行
苦しめる,苦しめる,動詞,母音動詞
くるしめる,くるしめる,動詞,母音動詞
凝らす,凝らす,動詞,子音動詞サ行
こらす,こらす,動詞,子音動詞サ行
割く,割く,動詞,子音動詞カ行
さく,さく,動詞,子音動詞カ行
狂う,狂う,動詞,子音動詞ワ行
くるう,くるう,動詞,子音動詞ワ行
懲らす,懲らす,動詞,子音動詞サ行
咲く,咲く,動詞,子音動詞カ行
加える,加える,動詞,母音動詞
くわえる,くわえる,動詞,母音動詞
懲りる,懲りる,動詞,母音動詞
こりる,こりる,動詞,母音動詞
裂く,裂く,動詞,子音動詞カ行
加わる,加わる,動詞,子音動詞ラ行
くわわる,くわわる,動詞,子音動詞ラ行
凝る,凝る,動詞,子音動詞ラ行
こる,こる,動詞,子音動詞ラ行
避ける,避ける,動詞,母音動詞
さける,さける,動詞,母音動詞
企てる,企てる,動詞,母音動詞
くわだてる,くわだてる,動詞,母音動詞
凍る,凍る,動詞,子音動詞ラ行
こおる,こおる,動詞,子音動詞ラ行
裂ける,裂ける,動詞,母音動詞
消す,消す,動詞,子音動詞サ行
けす,けす,動詞,子音動詞サ行
凍える,凍える,動詞,母音動詞
こごえる,こごえる,動詞,母音動詞
下げる,下げる,動詞,母音動詞
さげる,さげる,動詞,母音動詞
汚す,汚す,動詞,子音動詞サ行
けがす,けがす,動詞,子音動詞サ行
試みる,試みる,動詞,母音動詞
こころみる,こころみる,動詞,母音動詞
提げる,提げる,動詞,母音動詞
汚れる,汚れる,動詞,母音動詞
けがれる,けがれる,動詞,母音動詞
志す,志す,動詞,子音動詞サ行
こころざす,こころざす,動詞,子音動詞サ行
刺さる,刺さる,動詞,子音動詞ラ行
ささる,ささる,動詞,子音動詞ラ行
削る,削る,動詞,子音動詞ラ行
けずる,けずる,動詞,子音動詞ラ行
擦る,擦る,動詞,子音動詞ラ行
こする,こする,動詞,子音動詞ラ行
下さる,下さる,動詞,子音動詞ラ行イ形
煙る,煙る,動詞,子音動詞ラ行
けむる,けむる,動詞,子音動詞ラ行
答える,答える,動詞,母音動詞
こたえる,こたえる,動詞,母音動詞
差す,差す,動詞,子音動詞サ行
さす,さす,動詞,子音動詞サ行
請う,請う,動詞,子音動詞ワ行文語音便形
異なる,異なる,動詞,子音動詞ラ行
ことなる,ことなる,動詞,子音動詞ラ行
刺す,刺す,動詞,子音動詞サ行
指す,指す,動詞,子音動詞サ行
寂れる,寂れる,動詞,母音動詞
さびれる,さびれる,動詞,母音動詞
鎮める,鎮める,動詞,母音動詞
しずめる,しずめる,動詞,母音動詞
挿す,挿す,動詞,子音動詞サ行
妨げる,妨げる,動詞,母音動詞
さまたげる,さまたげる,動詞,母音動詞
慕う,慕う,動詞,子音動詞ワ行
したう,したう,動詞,子音動詞ワ行
覚ます,覚ます,動詞,子音動詞サ行
さます,さます,動詞,子音動詞サ行
騒ぐ,騒ぐ,動詞,子音動詞ガ行
さわぐ,さわぐ,動詞,子音動詞ガ行
親しむ,親しむ,動詞,子音動詞マ行
したしむ,したしむ,動詞,子音動詞マ行
冷ます,冷ます,動詞,子音動詞サ行
障る,障る,動詞,子音動詞ラ行
さわる,さわる,動詞,子音動詞ラ行
従う,従う,動詞,子音動詞ワ行
したがう,したがう,動詞,子音動詞ワ行
覚める,覚める,動詞,母音動詞
さめる,さめる,動詞,母音動詞
触る,触る,動詞,子音動詞ラ行
従える,従える,動詞,母音動詞
したがえる,したがえる,動詞,母音動詞
冷める,冷める,動詞,母音動詞
強いる,強いる,動詞,母音動詞
しいる,しいる,動詞,母音動詞
滴る,滴る,動詞,子音動詞ラ行
したたる,したたる,動詞,子音動詞ラ行
去る,去る,動詞,子音動詞ラ行
さる,さる,動詞,子音動詞ラ行
敷く,敷く,動詞,子音動詞カ行
しく,しく,動詞,子音動詞カ行
遮る,遮る,動詞,子音動詞ラ行
さえぎる,さえぎる,動詞,子音動詞ラ行
死ぬ,死ぬ,動詞,子音動詞ナ行
しぬ,しぬ,動詞,子音動詞ナ行
忍ぶ,忍ぶ,動詞,子音動詞バ行
しのぶ,しのぶ,動詞,子音動詞バ行
栄える,栄える,動詞,母音動詞
さかえる,さかえる,動詞,母音動詞
締まる,締まる,動詞,子音動詞ラ行
しまる,しまる,動詞,子音動詞ラ行
縛る,縛る,動詞,子音動詞ラ行
しばる,しばる,動詞,子音動詞ラ行
逆らう,逆らう,動詞,子音動詞ワ行
さからう,さからう,動詞,子音動詞ワ行
絞まる,絞まる,動詞,子音動詞ラ行
渋る,渋る,動詞,子音動詞ラ行
しぶる,しぶる,動詞,子音動詞ラ行
盛る,盛る,動詞,子音動詞ラ行
さかる,さかる,動詞,子音動詞ラ行
閉まる,閉まる,動詞,子音動詞ラ行
絞る,絞る,動詞,子音動詞ラ行
しぼる,しぼる,動詞,子音動詞ラ行
捜す,捜す,動詞,子音動詞サ行
さがす,さがす,動詞,子音動詞サ行
染みる,染みる,動詞,母音動詞
しみる,しみる,動詞,母音動詞
搾る,搾る,動詞,子音動詞ラ行
探す,探す,動詞,子音動詞サ行
絞める,絞める,動詞,母音動詞
しめる,しめる,動詞,母音動詞
示す,示す,動詞,子音動詞サ行
しめす,しめす,動詞,子音動詞サ行
探る,探る,動詞,子音動詞ラ行
さぐる,さぐる,動詞,子音動詞ラ行
占める,占める,動詞,母音動詞
湿る,湿る,動詞,子音動詞ラ行
叫ぶ,叫ぶ,動詞,子音動詞バ行
さけぶ,さけぶ,動詞,子音動詞バ行
締める,締める,動詞,母音動詞
調べる,調べる,動詞,母音動詞
しらべる,しらべる,動詞,母音動詞
支える,支える,動詞,母音動詞
ささえる,ささえる,動詞,母音動詞
閉める,閉める,動詞,母音動詞
退く,退く,動詞,子音動詞カ行
しりぞく,しりぞく,動詞,子音動詞カ行
授かる,授かる,動詞,子音動詞ラ行
さずかる,さずかる,動詞,子音動詞ラ行
知る,知る,動詞,子音動詞ラ行
しる,しる,動詞,子音動詞ラ行
退ける,退ける,動詞,母音動詞
しりぞける,しりぞける,動詞,母音動詞
授ける,授ける,動詞,母音動詞
さずける,さずける,動詞,母音動詞
虐げる,虐げる,動詞,母音動詞
しいたげる,しいたげる,動詞,母音動詞
記す,記す,動詞,子音動詞サ行
しるす,しるす,動詞,子音動詞サ行
さそう,さそう,動詞,子音動詞ワ行
茂る,茂る,動詞,子音動詞ラ行
しげる,しげる,動詞,子音動詞ラ行
吸う,吸う,動詞,子音動詞ワ行
すう,すう,動詞,子音動詞ワ行
定まる,定まる,動詞,子音動詞ラ行
さだまる,さだまる,動詞,子音動詞ラ行
静まる,静まる,動詞,子音動詞ラ行
しずまる,しずまる,動詞,子音動詞ラ行
据える,据える,動詞,母音動詞
すえる,すえる,動詞,母音動詞
定める,定める,動詞,母音動詞
さだめる,さだめる,動詞,母音動詞
沈む,沈む,動詞,子音動詞マ行
しずむ,しずむ,動詞,子音動詞マ行
透かす,透かす,動詞,子音動詞サ行
すかす,すかす,動詞,子音動詞サ行
諭す,諭す,動詞,子音動詞サ行
さとす,さとす,動詞,子音動詞サ行
潜む,潜む,動詞,子音動詞マ行
過ぎる,過ぎる,動詞,母音動詞
すぎる,すぎる,動詞,母音動詞
悟る,悟る,動詞,子音動詞ラ行
さとる,さとる,動詞,子音動詞ラ行
静める,静める,動詞,母音動詞
すく,すく,動詞,子音動詞カ行
裁く,裁く,動詞,子音動詞カ行
さばく,さばく,動詞,子音動詞カ行
沈める,沈める,動詞,母音動詞
好く,好く,動詞,子音動詞カ行
透く,透く,動詞,子音動詞カ行
滑る,滑る,動詞,子音動詞ラ行
すべる,すべる,動詞,子音動詞ラ行
背ける,背ける,動詞,母音動詞
そむける,そむける,動詞,母音動詞
透ける,透ける,動詞,母音動詞
すける,すける,動詞,母音動詞
座る,座る,動詞,子音動詞ラ行
すわる,すわる,動詞,子音動詞ラ行
絶える,絶える,動詞,母音動詞
たえる,たえる,動詞,母音動詞
過ごす,過ごす,動詞,子音動詞サ行
すごす,すごす,動詞,子音動詞サ行
攻める,攻める,動詞,母音動詞
せめる,せめる,動詞,母音動詞
耐える,耐える,動詞,母音動詞
捨てる,捨てる,動詞,母音動詞
すてる,すてる,動詞,母音動詞
責める,責める,動詞,母音動詞
炊く,炊く,動詞,子音動詞カ行
たく,たく,動詞,子音動詞カ行
統べる,統べる,動詞,母音動詞
競る,競る,動詞,子音動詞ラ行
せる,せる,動詞,子音動詞ラ行
足す,足す,動詞,子音動詞サ行
たす,たす,動詞,子音動詞サ行
住まう,住まう,動詞,子音動詞ワ行
すまう,すまう,動詞,子音動詞ワ行
狭める,狭める,動詞,母音動詞
せばめる,せばめる,動詞,母音動詞
立つ,立つ,動詞,子音動詞タ行
たつ,たつ,動詞,子音動詞タ行
済ます,済ます,動詞,子音動詞サ行
すます,すます,動詞,子音動詞サ行
迫る,迫る,動詞,子音動詞ラ行
せまる,せまる,動詞,子音動詞ラ行
建つ,建つ,動詞,子音動詞タ行
澄ます,澄ます,動詞,子音動詞サ行
沿う,沿う,動詞,子音動詞ワ行
そう,そう,動詞,子音動詞ワ行
裁つ,裁つ,動詞,子音動詞タ行
済む,済む,動詞,子音動詞マ行
すむ,すむ,動詞,子音動詞マ行
添う,添う,動詞,子音動詞ワ行
絶つ,絶つ,動詞,子音動詞タ行
住む,住む,動詞,子音動詞マ行
添える,添える,動詞,母音動詞
そえる,そえる,動詞,母音動詞
断つ,断つ,動詞,子音動詞タ行
澄む,澄む,動詞,子音動詞マ行
染まる,染まる,動詞,子音動詞ラ行
そまる,そまる,動詞,子音動詞ラ行
建てる,建てる,動詞,母音動詞
たてる,たてる,動詞,母音動詞
刷る,刷る,動詞,子音動詞ラ行
する,する,動詞,サ変動詞
染める,染める,動詞,母音動詞
そめる,そめる,動詞,母音動詞
立てる,立てる,動詞,母音動詞
反らす,反らす,動詞,子音動詞サ行
そらす,そらす,動詞,子音動詞サ行
食べる,食べる,動詞,母音動詞
たべる,たべる,動詞,母音動詞
擦れる,擦れる,動詞,母音動詞
すれる,すれる,動詞,母音動詞
反る,反る,動詞,子音動詞ラ行
そる,そる,動詞,子音動詞ラ行
矯める,矯める,動詞,母音動詞
ためる,ためる,動詞,母音動詞
据わる,据わる,動詞,子音動詞ラ行
損なう,損なう,動詞,子音動詞ワ行
そこなう,そこなう,動詞,子音動詞ワ行
絶やす,絶やす,動詞,子音動詞サ行
たやす,たやす,動詞,子音動詞サ行
救う,救う,動詞,子音動詞ワ行
すくう,すくう,動詞,子音動詞ワ行
損ねる,損ねる,動詞,母音動詞
そこねる,そこねる,動詞,母音動詞
垂らす,垂らす,動詞,子音動詞サ行
たらす,たらす,動詞,子音動詞サ行
優れる,優れる,動詞,母音動詞
すぐれる,すぐれる,動詞,母音動詞
注ぐ,注ぐ,動詞,子音動詞ガ行
そそぐ,そそぐ,動詞,子音動詞ガ行
足りる,足りる,動詞,母音動詞
たりる,たりる,動詞,母音動詞
進む,進む,動詞,子音動詞マ行
すすむ,すすむ,動詞,子音動詞マ行
唆す,唆す,動詞,子音動詞サ行
そそのかす,そそのかす,動詞,子音動詞サ行
足る,足る,動詞,子音動詞ラ行
たる,たる,動詞,子音動詞ラ行
勧める,勧める,動詞,母音動詞
すすめる,すすめる,動詞,母音動詞
育つ,育つ,動詞,子音動詞タ行
そだつ,そだつ,動詞,子音動詞タ行
垂れる,垂れる,動詞,母音動詞
たれる,たれる,動詞,母音動詞
進める,進める,動詞,母音動詞
育てる,育てる,動詞,母音動詞
そだてる,そだてる,動詞,母音動詞
だく,だく,動詞,子音動詞カ行
薦める,薦める,動詞,母音動詞
供える,供える,動詞,母音動詞
そなえる,そなえる,動詞,母音動詞
出す,出す,動詞,子音動詞サ行
だす,だす,動詞,子音動詞サ行
涼む,涼む,動詞,子音動詞マ行
すずむ,すずむ,動詞,子音動詞マ行
備える,備える,動詞,母音動詞
倒す,倒す,動詞,子音動詞サ行
たおす,たおす,動詞,子音動詞サ行
廃る,廃る,動詞,子音動詞ラ行
すたる,すたる,動詞,子音動詞ラ行
備わる,備わる,動詞,子音動詞ラ行
そなわる,そなわる,動詞,子音動詞ラ行
倒れる,倒れる,動詞,母音動詞
たおれる,たおれる,動詞,母音動詞
廃れる,廃れる,動詞,母音動詞
すたれる,すたれる,動詞,母音動詞
背く,背く,動詞,子音動詞カ行
そむく,そむく,動詞,子音動詞カ行
高まる,高まる,動詞,子音動詞ラ行
たかまる,たかまる,動詞,子音動詞ラ行
高める,高める,動詞,母音動詞
たかめる,たかめる,動詞,母音動詞
試す,試す,動詞,子音動詞サ行
ためす,ためす,動詞,子音動詞サ行
尽くす,尽くす,動詞,子音動詞サ行
つくす,つくす,動詞,子音動詞サ行
違える,違える,動詞,母音動詞
たがえる,たがえる,動詞,母音動詞
保つ,保つ,動詞,子音動詞タ行
たもつ,たもつ,動詞,子音動詞タ行
就ける,就ける,動詞,母音動詞
つける,つける,動詞,母音動詞
耕す,耕す,動詞,子音動詞サ行
たがやす,たがやす,動詞,子音動詞サ行
頼る,頼る,動詞,子音動詞ラ行
たよる,たよる,動詞,子音動詞ラ行
着ける,着ける,動詞,母音動詞
蓄える,蓄える,動詞,母音動詞
たくわえる,たくわえる,動詞,母音動詞
戯れる,戯れる,動詞,母音動詞
たわむれる,たわむれる,動詞,母音動詞
漬ける,漬ける,動詞,母音動詞
確かめる,確かめる,動詞,母音動詞
たしかめる,たしかめる,動詞,母音動詞
散らかす,散らかす,動詞,子音動詞サ行
ちらかす,ちらかす,動詞,子音動詞サ行
付ける,付ける,動詞,母音動詞
助かる,助かる,動詞,子音動詞ラ行
たすかる,たすかる,動詞,子音動詞ラ行
散らかる,散らかる,動詞,子音動詞ラ行
ちらかる,ちらかる,動詞,子音動詞ラ行
告げる,告げる,動詞,母音動詞
つげる,つげる,動詞,母音動詞
助ける,助ける,動詞,母音動詞
たすける,たすける,動詞,母音動詞
散らす,散らす,動詞,子音動詞サ行
ちらす,ちらす,動詞,子音動詞サ行
詰まる,詰まる,動詞,子音動詞ラ行
つまる,つまる,動詞,子音動詞ラ行
尋ねる,尋ねる,動詞,母音動詞
たずねる,たずねる,動詞,母音動詞
誓う,誓う,動詞,子音動詞ワ行
ちかう,ちかう,動詞,子音動詞ワ行
詰む,詰む,動詞,子音動詞マ行
つむ,つむる,動詞,子音動詞ラ行
訪ねる,訪ねる,動詞,母音動詞
違う,違う,動詞,子音動詞ワ行
ちがう,ちがう,動詞,子音動詞ワ行
積む,積む,動詞,子音動詞マ行
携える,携える,動詞,母音動詞
たずさえる,たずさえる,動詞,母音動詞
ちがえる,ちがえる,動詞,母音動詞
摘む,摘む,動詞,子音動詞マ行
携わる,携わる,動詞,子音動詞ラ行
たずさわる,たずさわる,動詞,子音動詞ラ行
契る,契る,動詞,子音動詞ラ行
ちぎる,ちぎる,動詞,子音動詞ラ行
詰める,詰める,動詞,母音動詞
つめる,つめる,動詞,母音動詞
畳む,畳む,動詞,子音動詞マ行
たたむ,たたむ,動詞,子音動詞マ行
縮まる,縮まる,動詞,子音動詞ラ行
ちぢまる,ちぢまる,動詞,子音動詞ラ行
積もる,積もる,動詞,子音動詞ラ行
つもる,つもる,動詞,子音動詞ラ行
正す,正す,動詞,子音動詞サ行
ただす,ただす,動詞,子音動詞サ行
縮む,縮む,動詞,子音動詞マ行
ちぢむ,ちぢむ,動詞,子音動詞マ行
釣る,釣る,動詞,子音動詞ラ行
つる,つる,動詞,子音動詞ラ行
戦う,戦う,動詞,子音動詞ワ行
たたかう,たたかう,動詞,子音動詞ワ行
縮める,縮める,動詞,母音動詞
ちぢめる,ちぢめる,動詞,母音動詞
連れる,連れる,動詞,母音動詞
つれる,つれる,動詞,母音動詞
闘う,闘う,動詞,子音動詞ワ行
縮らす,する,動詞,サ変動詞
ちぢらす,ちぢらす,動詞,子音動詞サ行
費える,費える,動詞,母音動詞
ついえる,ついえる,動詞,母音動詞
漂う,漂う,動詞,子音動詞ワ行
ただよう,ただよう,動詞,子音動詞ワ行
縮れる,縮れる,動詞,母音動詞
ちぢれる,ちぢれる,動詞,母音動詞
費やす,費やす,動詞,子音動詞サ行
ついやす,ついやす,動詞,子音動詞サ行
貴ぶ,貴ぶ,動詞,子音動詞バ行
たっとぶ,たっとぶ,動詞,子音動詞バ行
尽かす,尽かす,動詞,子音動詞サ行
つかす,つかす,動詞,子音動詞サ行
遣う,遣う,動詞,子音動詞ワ行
つかう,つかう,動詞,子音動詞ワ行
尊ぶ,尊ぶ,動詞,子音動詞バ行
漬かる,漬かる,動詞,子音動詞ラ行
つかる,つかる,動詞,子音動詞ラ行
使う,使う,動詞,子音動詞ワ行
奉る,奉る,動詞,子音動詞ラ行
たてまつる,たてまつる,動詞,子音動詞ラ行
尽きる,尽きる,動詞,母音動詞
つきる,つきる,動詞,母音動詞
仕える,仕える,動詞,母音動詞
つかえる,つかえる,動詞,母音動詞
例える,例える,動詞,母音動詞
たとえる,たとえる,動詞,母音動詞
付く,付く,動詞,子音動詞カ行
つく,つく,動詞,子音動詞カ行
捕まえる,捕まえる,動詞,母音動詞
つかまえる,つかまえる,動詞,母音動詞
楽しむ,楽しむ,動詞,子音動詞マ行
たのしむ,たのしむ,動詞,子音動詞マ行
就く,就く,動詞,子音動詞カ行
捕まる,捕まる,動詞,子音動詞ラ行
つかまる,つかまる,動詞,子音動詞ラ行
頼む,頼む,動詞,子音動詞マ行
たのむ,たのむ,動詞,子音動詞マ行
着く,着く,動詞,子音動詞カ行
疲らす,疲らす,動詞,子音動詞サ行
つからす,つからす,動詞,子音動詞サ行
黙る,黙る,動詞,子音動詞ラ行
だまる,だまる,動詞,子音動詞ラ行
突く,突く,動詞,子音動詞カ行
疲れる,疲れる,動詞,母音動詞
つかれる,つかれる,動詞,母音動詞
賜る,賜る,動詞,子音動詞ラ行
たまわる,たまわる,動詞,子音動詞ラ行
継ぐ,継ぐ,動詞,子音動詞ガ行
つぐ,つぐ,動詞,子音動詞ガ行
遣わす,遣わす,動詞,子音動詞サ行
つかわす,つかわす,動詞,子音動詞サ行
作る,作る,動詞,子音動詞ラ行
つくる,つくる,動詞,子音動詞ラ行
連なる,連なる,動詞,子音動詞ラ行
つらなる,つらなる,動詞,子音動詞ラ行
留まる,留まる,動詞,子音動詞ラ行
とまる,とまる,動詞,子音動詞ラ行
造る,造る,動詞,子音動詞ラ行
連ねる,連ねる,動詞,母音動詞
つらねる,つらねる,動詞,母音動詞
富む,富む,動詞,子音動詞マ行
とむ,とむ,動詞,子音動詞マ行
償う,償う,動詞,子音動詞ワ行
つぐなう,つぐなう,動詞,子音動詞ワ行
貫く,貫く,動詞,子音動詞カ行
つらぬく,つらぬく,動詞,子音動詞カ行
止める,止める,動詞,母音動詞
とめる,とめる,動詞,母音動詞
繕う,繕う,動詞,子音動詞ワ行
つくろう,つくる,動詞,子音動詞ラ行
照らす,照らす,動詞,子音動詞サ行
てらす,てらす,動詞,子音動詞サ行
留める,留める,動詞,母音動詞
伝う,伝う,動詞,子音動詞ワ行
つたう,つたう,動詞,子音動詞ワ行
照る,照る,動詞,子音動詞ラ行
てる,てる,動詞,子音動詞ラ行
泊める,泊める,動詞,母音動詞
伝える,伝える,動詞,母音動詞
つたえる,つたえる,動詞,母音動詞
照れる,照れる,動詞,母音動詞
てれる,てれる,動詞,母音動詞
捕らえる,捕らえる,動詞,母音動詞
とらえる,とらえる,動詞,母音動詞
伝わる,伝わる,動詞,子音動詞ラ行
つたわる,つたわる,動詞,子音動詞ラ行
出る,出る,動詞,母音動詞
でる,でる,動詞,母音動詞
獲る,獲る,動詞,子音動詞ラ行
とる,とる,動詞,子音動詞ラ行
培う,培う,動詞,子音動詞ワ行
つちかう,つちかう,動詞,子音動詞ワ行
問う,問う,動詞,子音動詞ワ行文語音便形
とう,とう,動詞,子音動詞ワ行文語音便形
採る,採る,動詞,子音動詞ラ行
包む,包む,動詞,子音動詞マ行
つつむ,つつむ,動詞,子音動詞マ行
溶かす,溶かす,動詞,子音動詞サ行
とかす,とかす,動詞,子音動詞サ行
撮る,撮る,動詞,子音動詞ラ行
続く,続く,動詞,子音動詞カ行
つづく,つづく,動詞,子音動詞カ行
解かす,解かす,動詞,子音動詞サ行
散る,散る,動詞,子音動詞ラ行
続ける,続ける,動詞,母音動詞
つづける,つづける,動詞,母音動詞
説く,説く,動詞,子音動詞カ行
とく,とく,動詞,子音動詞カ行
執る,執る,動詞,子音動詞ラ行
慎む,慎む,動詞,子音動詞マ行
つつしむ,つつしむ,動詞,子音動詞マ行
解く,解く,動詞,子音動詞カ行
取る,取る,動詞,子音動詞ラ行
謹む,謹む,動詞,子音動詞マ行
溶く,溶く,動詞,子音動詞カ行
捕る,捕る,動詞,子音動詞ラ行
勤まる,勤まる,動詞,子音動詞ラ行
つとまる,つとまる,動詞,子音動詞ラ行
研ぐ,研ぐ,動詞,子音動詞ガ行
とぐ,とぐ,動詞,子音動詞ガ行
とうとぶ,とうとぶ,動詞,子音動詞バ行
勤める,勤める,動詞,母音動詞
つとめる,つとめる,動詞,母音動詞
遂げる,遂げる,動詞,母音動詞
とげる,とげる,動詞,母音動詞
努める,努める,動詞,母音動詞
解ける,解ける,動詞,母音動詞
とける,とける,動詞,母音動詞
通す,通す,動詞,子音動詞サ行
とおす,とおす,動詞,子音動詞サ行
務める,務める,動詞,母音動詞
溶ける,溶ける,動詞,母音動詞
通る,通る,動詞,子音動詞ラ行
とおる,とおる,動詞,子音動詞ラ行
集う,集う,動詞,子音動詞ワ行
つどう,つどう,動詞,子音動詞ワ行
閉ざす,閉ざす,動詞,子音動詞サ行
とざす,とざす,動詞,子音動詞サ行
稼ぐ,稼ぐ,動詞,子音動詞ガ行
とつぐ,とつぐ,動詞,子音動詞ガ行
次ぐ,次ぐ,動詞,子音動詞ガ行
つなぐ,つなぐ,動詞,子音動詞ガ行
閉じる,閉じる,動詞,母音動詞
とじる,とじる,動詞,母音動詞
嫁ぐ,嫁ぐ,動詞,子音動詞ガ行
接ぐ,接ぐ,動詞,子音動詞ガ行
飛ばす,飛ばす,動詞,子音動詞サ行
とばす,とばす,動詞,子音動詞サ行
届く,届く,動詞,子音動詞カ行
とどく,とどく,動詞,子音動詞カ行
募る,募る,動詞,子音動詞ラ行
つのる,つのる,動詞,子音動詞ラ行
跳ぶ,跳ぶ,動詞,子音動詞バ行
とぶ,とぶ,動詞,子音動詞バ行
届ける,届ける,動詞,母音動詞
とどける,とどける,動詞,母音動詞
紡ぐ,紡ぐ,動詞,子音動詞ガ行
つむぐ,つむぐ,動詞,子音動詞ガ行
飛ぶ,飛ぶ,動詞,子音動詞バ行
滞る,滞る,動詞,子音動詞ラ行
とどこおる,とどこおる,動詞,子音動詞ラ行
強まる,強まる,動詞,子音動詞ラ行
つよまる,つよまる,動詞,子音動詞ラ行
泊まる,泊まる,動詞,子音動詞ラ行
整う,整う,動詞,子音動詞ワ行
ととのう,ととのう,動詞,子音動詞ワ行
強める,強める,動詞,母音動詞
つよめる,つよめる,動詞,母音動詞
止まる,止まる,動詞,子音動詞ラ行
調う,調う,動詞,子音動詞ワ行
整える,整える,動詞,母音動詞
ととのえる,ととのえる,動詞,母音動詞
慰む,慰む,動詞,子音動詞マ行
なぐさむ,なぐさむ,動詞,子音動詞マ行
濁る,濁る,動詞,子音動詞ラ行
にごる,にごる,動詞,子音動詞ラ行
調える,調える,動詞,母音動詞
慰める,慰める,動詞,母音動詞
なぐさめる,なぐさめる,動詞,母音動詞
担う,担う,動詞,子音動詞ワ行
になう,になう,動詞,子音動詞ワ行
唱える,唱える,動詞,母音動詞
となえる,となえる,動詞,母音動詞
嘆く,嘆く,動詞,子音動詞カ行
なげく,なげく,動詞,子音動詞カ行
鈍る,鈍る,動詞,子音動詞ラ行
にぶる,にぶる,動詞,子音動詞ラ行
隣る,隣る,動詞,子音動詞ラ行
となる,なる,動詞,子音動詞ラ行
和む,和む,動詞,子音動詞マ行
なごむ,なごむ,動詞,子音動詞マ行
縫う,縫う,動詞,子音動詞ワ行
ぬう,ぬう,動詞,子音動詞ワ行
弔う,弔う,動詞,子音動詞ワ行
とむらう,とむらう,動詞,子音動詞ワ行
懐かしむ,懐かしむ,動詞,子音動詞マ行
なつかしむ,なつかしむ,動詞,子音動詞マ行
抜かす,抜かす,動詞,子音動詞サ行
ぬかす,ぬかす,動詞,子音動詞サ行
伴う,伴う,動詞,子音動詞ワ行
ともなう,ともなう,動詞,子音動詞ワ行
懐く,懐く,動詞,子音動詞カ行
なつく,なつく,動詞,子音動詞カ行
抜かる,抜かる,動詞,子音動詞ラ行
ぬかる,ぬかる,動詞,子音動詞ラ行
捕らわれる,捕らわれる,動詞,母音動詞
とららわれる,われる,動詞,母音動詞
懐ける,懐ける,動詞,母音動詞
なつける,なつける,動詞,母音動詞
抜く,抜く,動詞,子音動詞カ行
ぬく,ぬく,動詞,子音動詞カ行
泣く,泣く,動詞,子音動詞カ行
なく,なく,動詞,子音動詞カ行
怠ける,怠ける,動詞,母音動詞
なまける,なまける,動詞,母音動詞
脱ぐ,脱ぐ,動詞,子音動詞ガ行
ぬぐ,ぬぐ,動詞,子音動詞ガ行
鳴く,鳴く,動詞,子音動詞カ行
悩ます,悩ます,動詞,子音動詞サ行
なやます,なやます,動詞,子音動詞サ行
抜ける,抜ける,動詞,母音動詞
ぬける,ぬける,動詞,母音動詞
投げる,投げる,動詞,母音動詞
なげる,なげる,動詞,母音動詞
悩む,悩む,動詞,子音動詞マ行
なやむ,なやむ,動詞,子音動詞マ行
脱げる,脱げる,動詞,母音動詞
ぬげる,ぬげる,動詞,母音動詞
成す,成す,動詞,子音動詞サ行
なす,なす,動詞,子音動詞サ行
習う,習う,動詞,子音動詞ワ行
ならう,ならう,動詞,子音動詞ワ行
塗る,塗る,動詞,子音動詞ラ行
ぬる,ぬる,動詞,子音動詞ラ行
慣らす,慣らす,動詞,子音動詞サ行
ならす,ならす,動詞,子音動詞サ行
倣う,倣う,動詞,子音動詞ワ行
盗む,盗む,動詞,子音動詞マ行
ぬすむ,ぬすむ,動詞,子音動詞マ行
鳴らす,鳴らす,動詞,子音動詞サ行
並ぶ,並ぶ,動詞,子音動詞バ行
ならぶ,ならぶ,動詞,子音動詞バ行
湿す,湿す,動詞,子音動詞サ行
ぬらす,ぬらす,動詞,子音動詞サ行
成る,成る,動詞,子音動詞ラ行
なる,なる,動詞,子音動詞ラ行
並べる,並べる,動詞,母音動詞
ならべる,ならべる,動詞,母音動詞
寝かす,寝かす,動詞,子音動詞サ行
ねかす,ねかす,動詞,子音動詞サ行
鳴る,鳴る,動詞,子音動詞ラ行
煮える,煮える,動詞,母音動詞
にえる,にえる,動詞,母音動詞
寝る,寝る,動詞,母音動詞
ねる,ねる,動詞,子音動詞ラ行
慣れる,慣れる,動詞,母音動詞
なれる,なれる,動詞,母音動詞
逃がす,逃がす,動詞,子音動詞サ行
にがす,にがす,動詞,子音動詞サ行
練る,練る,動詞,子音動詞ラ行
治す,治す,動詞,子音動詞サ行
なおす,なおす,動詞,子音動詞サ行
逃げる,逃げる,動詞,母音動詞
にげる,にげる,動詞,母音動詞
願う,願う,動詞,子音動詞ワ行
ねがう,ねがう,動詞,子音動詞ワ行
直す,直す,動詞,子音動詞サ行
煮やす,煮やす,動詞,子音動詞サ行
にやす,にやす,動詞,子音動詞サ行
粘る,粘る,動詞,子音動詞ラ行
ねばる,ねばる,動詞,子音動詞ラ行
治る,治る,動詞,子音動詞ラ行
なおる,なおる,動詞,子音動詞ラ行
煮る,煮る,動詞,母音動詞
にる,にる,動詞,母音動詞
眠る,眠る,動詞,子音動詞ラ行
ねむる,ねむる,動詞,子音動詞ラ行
直る,直る,動詞,子音動詞ラ行
似る,似る,動詞,母音動詞
載せる,載せる,動詞,母音動詞
のせる,のせる,動詞,母音動詞
流す,流す,動詞,子音動詞サ行
ながす,ながす,動詞,子音動詞サ行
苦る,苦る,動詞,子音動詞ラ行
にがる,にがる,動詞,子音動詞ラ行
乗せる,乗せる,動詞,母音動詞
眺める,眺める,動詞,母音動詞
ながめる,ながめる,動詞,母音動詞
握る,握る,動詞,子音動詞ラ行
にぎる,にぎる,動詞,子音動詞ラ行
延ばす,延ばす,動詞,子音動詞サ行
のばす,のばす,動詞,子音動詞サ行
流れる,流れる,動詞,母音動詞
ながれる,ながれる,動詞,母音動詞
憎む,憎む,動詞,子音動詞マ行
にくむ,にくむ,動詞,子音動詞マ行
伸ばす,伸ばす,動詞,子音動詞サ行
殴る,殴る,動詞,子音動詞ラ行
なぐる,なぐる,動詞,子音動詞ラ行
濁す,濁す,動詞,子音動詞サ行
にごす,にごす,動詞,子音動詞サ行
延びる,延びる,動詞,母音動詞
のびる,のびる,動詞,母音動詞
伸びる,伸びる,動詞,母音動詞
恥じらう,恥じらう,動詞,子音動詞ワ行
はじらう,はじらう,動詞,子音動詞ワ行
挟む,挟む,動詞,子音動詞マ行
はさむ,はさむ,動詞,子音動詞マ行
延べる,延べる,動詞,母音動詞
のべる,のべる,動詞,母音動詞
恥じる,恥じる,動詞,母音動詞
はじる,はじる,動詞,母音動詞
走る,走る,動詞,子音動詞ラ行
はしる,はしる,動詞,子音動詞ラ行
述べる,述べる,動詞,母音動詞
果たす,果たす,動詞,子音動詞サ行
はたす,はたす,動詞,子音動詞サ行
始まる,始まる,動詞,子音動詞ラ行
はじまる,はじまる,動詞,子音動詞ラ行
飲む,飲む,動詞,子音動詞マ行
のむ,のむ,動詞,子音動詞マ行
果てる,果てる,動詞,母音動詞
はてる,はてる,動詞,母音動詞
始める,始める,動詞,母音動詞
はじめる,はじめる,動詞,母音動詞
載る,載る,動詞,子音動詞ラ行
のる,のる,動詞,子音動詞ラ行
跳ねる,跳ねる,動詞,母音動詞
はねる,はねる,動詞,母音動詞
初める,初める,動詞,母音動詞
乗る,乗る,動詞,子音動詞ラ行
生やす,生やす,動詞,子音動詞サ行
はやす,はやす,動詞,子音動詞サ行
外す,外す,動詞,子音動詞サ行
はずす,はずす,動詞,子音動詞サ行
逃す,逃す,動詞,子音動詞サ行
のがす,のがす,動詞,子音動詞サ行
晴らす,晴らす,動詞,子音動詞サ行
はらす,はらす,動詞,子音動詞サ行
弾む,弾む,動詞,子音動詞マ行
はずむ,はずむ,動詞,子音動詞マ行
逃れる,逃れる,動詞,母音動詞
のがれる,のがれる,動詞,母音動詞
張る,張る,動詞,子音動詞ラ行
はる,はる,動詞,子音動詞ラ行
外れる,外れる,動詞,母音動詞
はずれる,はずれる,動詞,母音動詞
残す,残す,動詞,子音動詞サ行
のこす,のこす,動詞,子音動詞サ行
晴れる,晴れる,動詞,母音動詞
はれる,はれる,動詞,母音動詞
辱める,辱める,動詞,母音動詞
はずかしめる,はずかしめる,動詞,母音動詞
残る,残る,動詞,子音動詞ラ行
のこる,のこる,動詞,子音動詞ラ行
化かす,化かす,動詞,子音動詞サ行
ばかす,ばかす,動詞,子音動詞サ行
放す,放す,動詞,子音動詞サ行
はなす,はなす,動詞,子音動詞サ行
除く,除く,動詞,子音動詞カ行
のぞく,のぞく,動詞,子音動詞カ行
化ける,化ける,動詞,母音動詞
ばける,ばける,動詞,母音動詞
離す,離す,動詞,子音動詞サ行
望む,望む,動詞,子音動詞マ行
のぞむ,のぞむ,動詞,子音動詞マ行
はいる,はいる,動詞,母音動詞
話す,話す,動詞,子音動詞サ行
上す,上す,動詞,子音動詞サ行
のぼす,のぼす,動詞,子音動詞サ行
計らう,計らう,動詞,子音動詞ワ行
はからう,はからう,動詞,子音動詞ワ行
放つ,放つ,動詞,子音動詞タ行
はなつ,はなつ,動詞,子音動詞タ行
上せる,上せる,動詞,母音動詞
のぼせる,のぼせる,動詞,母音動詞
計る,計る,動詞,子音動詞ラ行
はかる,はかる,動詞,子音動詞ラ行
放れる,放れる,動詞,母音動詞
はなれる,はなれる,動詞,母音動詞
昇る,昇る,動詞,子音動詞ラ行
のぼる,のぼる,動詞,子音動詞ラ行
測る,測る,動詞,子音動詞ラ行
離れる,離れる,動詞,母音動詞
上る,上る,動詞,子音動詞ラ行
諮る,諮る,動詞,子音動詞ラ行
阻む,阻む,動詞,子音動詞マ行
はばむ,はばむ,動詞,子音動詞マ行
登る,登る,動詞,子音動詞ラ行
図る,図る,動詞,子音動詞ラ行
省く,省く,動詞,子音動詞カ行
はぶく,はぶく,動詞,子音動詞カ行
はえる,はえる,動詞,母音動詞
謀る,謀る,動詞,子音動詞ラ行
早まる,早まる,動詞,子音動詞ラ行
はやまる,はやまる,動詞,子音動詞ラ行
映える,映える,動詞,母音動詞
量る,量る,動詞,子音動詞ラ行
早める,早める,動詞,母音動詞
はやめる,はやめる,動詞,母音動詞
生える,生える,動詞,母音動詞
励ます,励ます,動詞,子音動詞サ行
はげます,はげます,動詞,子音動詞サ行
速める,速める,動詞,母音動詞
吐く,吐く,動詞,子音動詞カ行
はく,はく,動詞,子音動詞カ行
励む,励む,動詞,子音動詞マ行
はげむ,はげむ,動詞,子音動詞マ行
払う,払う,動詞,子音動詞ワ行
はらう,はらう,動詞,子音動詞ワ行
働く,働く,動詞,子音動詞カ行
運ぶ,運ぶ,動詞,子音動詞バ行
はこぶ,はこぶ,動詞,子音動詞バ行
冷える,冷える,動詞,母音動詞
ひえる,ひえる,動詞,母音動詞
掃く,掃く,動詞,子音動詞カ行
挟まる,挟まる,動詞,子音動詞ラ行
はさまる,はさまる,動詞,子音動詞ラ行
引く,引く,動詞,子音動詞カ行
ひく,ひく,動詞,子音動詞カ行
履く,履く,動詞,子音動詞カ行
狭まる,狭まる,動詞,子音動詞ラ行
弾く,弾く,動詞,子音動詞カ行
引ける,引ける,動詞,母音動詞
ひける,ひける,動詞,母音動詞
増える,増える,動詞,母音動詞
ふえる,ふえる,動詞,母音動詞
震う,震う,動詞,子音動詞ア行
ふるう,ふるう,動詞,子音動詞ア行
秘める,秘める,動詞,母音動詞
ひめる,ひめる,動詞,母音動詞
更かす,更かす,動詞,子音動詞サ行
ふかす,ふかす,動詞,子音動詞サ行
奮う,奮う,動詞,子音動詞ワ行
冷やかす,冷やかす,動詞,子音動詞サ行
ひやかす,ひやかす,動詞,子音動詞サ行
吹く,吹く,動詞,子音動詞カ行
ふく,ふく,動詞,子音動詞カ行
震える,震える,動詞,母音動詞
ふるえる,ふるえる,動詞,母音動詞
干る,干る,動詞,母音動詞
ひる,ひる,動詞,母音動詞
噴く,噴く,動詞,子音動詞カ行
古す,古す,動詞,子音動詞サ行
ふるす,ふるす,動詞,子音動詞サ行
秀でる,秀でる,動詞,母音動詞
ひいでる,ひいでる,動詞,母音動詞
更ける,更ける,動詞,母音動詞
ふける,ふける,動詞,子音動詞ラ行
減らす,減らす,動詞,子音動詞サ行
へらす,へらす,動詞,子音動詞サ行
控える,控える,動詞,母音動詞
ひかえる,ひかえる,動詞,母音動詞
老ける,老ける,動詞,母音動詞
経る,経る,動詞,母音動詞
へる,へる,動詞,子音動詞ラ行
光る,光る,動詞,子音動詞ラ行
ひかる,ひかる,動詞,子音動詞ラ行
伏す,伏す,動詞,子音動詞サ行
ふす,ふす,動詞,子音動詞サ行
減る,減る,動詞,子音動詞ラ行
率いる,率いる,動詞,母音動詞
ひきいる,ひきいる,動詞,母音動詞
伏せる,伏せる,動詞,母音動詞
ふせる,ふせる,動詞,子音動詞ラ行
隔たる,隔たる,動詞,子音動詞ラ行
へだたる,へだたる,動詞,子音動詞ラ行
低まる,低まる,動詞,子音動詞ラ行
ひくまる,ひくまる,動詞,子音動詞ラ行
踏まえる,踏まえる,動詞,母音動詞
ふまえる,ふまえる,動詞,母音動詞
隔てる,隔てる,動詞,母音動詞
へだてる,へだてる,動詞,母音動詞
低める,低める,動詞,母音動詞
ひくめる,ひくめる,動詞,母音動詞
踏む,踏む,動詞,子音動詞マ行
ふむ,ふむ,動詞,子音動詞マ行
干す,干す,動詞,子音動詞サ行
ほす,ほす,動詞,子音動詞サ行
侵す,侵す,動詞,子音動詞サ行
ひたす,ひたす,動詞,子音動詞サ行
殖やす,殖やす,動詞,子音動詞サ行
ふやす,ふやす,動詞,子音動詞サ行
褒める,褒める,動詞,母音動詞
ほめる,ほめる,動詞,母音動詞
浸る,浸る,動詞,子音動詞ラ行
ひたる,ひたる,動詞,子音動詞ラ行
増やす,増やす,動詞,子音動詞サ行
掘る,掘る,動詞,子音動詞ラ行
ほる,ほる,動詞,子音動詞ラ行
響く,響く,動詞,子音動詞カ行
ひびく,ひびく,動詞,子音動詞カ行
降る,降る,動詞,子音動詞ラ行
ふる,ふる,動詞,子音動詞ラ行
彫る,彫る,動詞,子音動詞ラ行
冷やす,冷やす,動詞,子音動詞サ行
ひやす,ひやす,動詞,子音動詞サ行
振る,振る,動詞,子音動詞ラ行
葬る,葬る,動詞,子音動詞ラ行
ほうむる,ほうむる,動詞,子音動詞ラ行
ひらく,ひらく,動詞,子音動詞カ行
振るう,振るう,動詞,子音動詞ワ行
誇る,誇る,動詞,子音動詞ラ行
ほこる,ほこる,動詞,子音動詞ラ行
ひらける,ひらける,動詞,母音動詞
触れる,触れる,動詞,母音動詞
ふれる,ふれる,動詞,母音動詞
細る,細る,動詞,子音動詞ラ行
ほそる,ほそる,動詞,子音動詞ラ行
翻す,翻す,動詞,子音動詞サ行
ひるがえす,ひるがえす,動詞,子音動詞サ行
深まる,深まる,動詞,子音動詞ラ行
ふかまる,ふかまる,動詞,子音動詞ラ行
欲する,欲する,動詞,サ変動詞
ほっする,ほっする,動詞,サ変動詞
翻る,翻る,動詞,子音動詞ラ行
ひるがえる,ひるがえる,動詞,子音動詞ラ行
深める,深める,動詞,母音動詞
ふかめる,ふかめる,動詞,母音動詞
施す,施す,動詞,子音動詞サ行
ほどこす,ほどこす,動詞,子音動詞サ行
拾う,拾う,動詞,子音動詞ワ行
ひろう,ひろう,動詞,子音動詞ワ行
含む,含む,動詞,子音動詞マ行
ふくむ,ふくむ,動詞,子音動詞マ行
滅びる,滅びる,動詞,母音動詞
ほろびる,ほろびる,動詞,母音動詞
広がる,広がる,動詞,子音動詞ラ行
ひろがる,ひろがる,動詞,子音動詞ラ行
含める,含める,動詞,母音動詞
ふくめる,ふくめる,動詞,母音動詞
滅ぼす,滅ぼす,動詞,子音動詞サ行
ほろぼす,ほろぼす,動詞,子音動詞サ行
広げる,広げる,動詞,母音動詞
ひろげる,ひろげる,動詞,母音動詞
膨らむ,膨らむ,動詞,子音動詞マ行
ふくらむ,ふくらむ,動詞,子音動詞マ行
舞う,舞う,動詞,子音動詞ワ行
まう,まう,動詞,子音動詞ワ行
広まる,広まる,動詞,子音動詞ラ行
ひろまる,ひろまる,動詞,子音動詞ラ行
膨れる,膨れる,動詞,母音動詞
ふくれる,ふくれる,動詞,母音動詞
負かす,負かす,動詞,子音動詞サ行
まかす,まかす,動詞,子音動詞サ行
広める,広める,動詞,母音動詞
ひろめる,ひろめる,動詞,母音動詞
防ぐ,防ぐ,動詞,子音動詞ガ行
ふせぐ,ふせぐ,動詞,子音動詞ガ行
曲がる,曲がる,動詞,子音動詞ラ行
まがる,まがる,動詞,子音動詞ラ行
殖える,殖える,動詞,母音動詞
太る,太る,動詞,子音動詞ラ行
ふとる,ふとる,動詞,子音動詞ラ行
巻く,巻く,動詞,子音動詞カ行
まく,まく,動詞,子音動詞カ行
負ける,負ける,動詞,母音動詞
まける,まける,動詞,母音動詞
学ぶ,学ぶ,動詞,子音動詞バ行
まなぶ,まなぶ,動詞,子音動詞バ行
蒸らす,蒸らす,動詞,子音動詞サ行
むらす,むらす,動詞,子音動詞サ行
曲げる,曲げる,動詞,母音動詞
まげる,まげる,動詞,母音動詞
免れる,免れる,動詞,母音動詞
まぬがれる,まぬがれる,動詞,母音動詞
群れる,群れる,動詞,母音動詞
むれる,むれる,動詞,母音動詞
交ざる,交ざる,動詞,子音動詞ラ行
まざる,まざる,動詞,子音動詞ラ行
招く,招く,動詞,子音動詞カ行
まねく,まねく,動詞,子音動詞カ行
蒸れる,蒸れる,動詞,母音動詞
混ざる,混ざる,動詞,子音動詞ラ行
守る,守る,動詞,子音動詞ラ行
まもる,まもる,動詞,子音動詞ラ行
迎える,迎える,動詞,母音動詞
むかえる,むかえる,動詞,母音動詞
交じる,交じる,動詞,子音動詞ラ行
まじる,まじる,動詞,子音動詞ラ行
迷う,迷う,動詞,子音動詞ワ行
まよう,まよう,動詞,子音動詞ワ行
報いる,報いる,動詞,母音動詞
むくいる,むくいる,動詞,母音動詞
混じる,混じる,動詞,子音動詞ラ行
丸める,丸める,動詞,母音動詞
まるめる,まるめる,動詞,母音動詞
結ぶ,結ぶ,動詞,子音動詞バ行
むすぶ,むすぶ,動詞,子音動詞バ行
増す,増す,動詞,子音動詞サ行
ます,ます,動詞,子音動詞サ行
回す,回す,動詞,子音動詞サ行
まわす,まわす,動詞,子音動詞サ行
群がる,群がる,動詞,子音動詞ラ行
むらがる,むらがる,動詞,子音動詞ラ行
混ぜる,混ぜる,動詞,母音動詞
まぜる,まぜる,動詞,母音動詞
回る,回る,動詞,子音動詞ラ行
まわる,まわる,動詞,子音動詞ラ行
召す,召す,動詞,子音動詞サ行
めす,めす,動詞,子音動詞サ行
交ぜる,交ぜる,動詞,母音動詞
見える,見える,動詞,母音動詞
みえる,みえる,動詞,母音動詞
恵む,恵む,動詞,子音動詞マ行
めぐむ,めぐむ,動詞,子音動詞マ行
参る,参る,動詞,子音動詞ラ行
まいる,まいる,動詞,子音動詞ラ行
見せる,見せる,動詞,母音動詞
みせる,みせる,動詞,母音動詞
巡る,巡る,動詞,子音動詞ラ行
めぐる,めぐる,動詞,子音動詞ラ行
任す,任す,動詞,子音動詞サ行
満たす,満たす,動詞,子音動詞サ行
みたす,みたす,動詞,子音動詞サ行
燃える,燃える,動詞,母音動詞
もえる,もえる,動詞,母音動詞
任せる,任せる,動詞,母音動詞
まかせる,まかせる,動詞,母音動詞
満ちる,満ちる,動詞,母音動詞
みちる,みちる,動詞,母音動詞
持つ,持つ,動詞,子音動詞タ行
もつ,もつ,動詞,子音動詞タ行
賄う,賄う,動詞,子音動詞ワ行
まかなう,まかなう,動詞,子音動詞ワ行
診る,診る,動詞,母音動詞
みる,みる,動詞,母音動詞
燃やす,燃やす,動詞,子音動詞サ行
もやす,もやす,動詞,子音動詞サ行
待つ,待つ,動詞,子音動詞タ行
まつ,まつ,動詞,子音動詞タ行
見る,見る,動詞,母音動詞
漏らす,漏らす,動詞,子音動詞サ行
もらす,もらす,動詞,子音動詞サ行
紛らす,紛らす,動詞,子音動詞サ行
まぎらす,まぎらす,動詞,子音動詞サ行
磨く,磨く,動詞,子音動詞カ行
みがく,みがく,動詞,子音動詞カ行
もる,もる,動詞,子音動詞ラ行
紛らわす,紛らわす,動詞,子音動詞サ行
まぎらわす,まぎらわす,動詞,子音動詞サ行
乱す,乱す,動詞,子音動詞サ行
みだす,みだす,動詞,子音動詞サ行
漏る,漏る,動詞,子音動詞ラ行
紛れる,紛れる,動詞,母音動詞
まぎれる,まぎれる,動詞,母音動詞
乱れる,乱れる,動詞,母音動詞
みだれる,みだれる,動詞,母音動詞
漏れる,漏れる,動詞,母音動詞
もれる,もれる,動詞,母音動詞
勝る,勝る,動詞,子音動詞ラ行
まさる,まさる,動詞,子音動詞ラ行
導く,導く,動詞,子音動詞カ行
みちびく,みちびく,動詞,子音動詞カ行
設ける,設ける,動詞,母音動詞
もうける,もうける,動詞,母音動詞
交う,交う,動詞,子音動詞ワ行
まじう,まじう,動詞,子音動詞ワ行
認める,認める,動詞,母音動詞
みとめる,みとめる,動詞,母音動詞
申す,申す,動詞,子音動詞サ行
もうす,もうす,動詞,子音動詞サ行
交える,交える,動詞,母音動詞
まじえる,まじえる,動詞,母音動詞
実る,実る,動詞,子音動詞ラ行
みのる,みのる,動詞,子音動詞ラ行
潜る,潜る,動詞,子音動詞ラ行
もぐる,もぐる,動詞,子音動詞ラ行
交わる,交わる,動詞,子音動詞ラ行
まじわる,まじわる,動詞,子音動詞ラ行
向かう,向かう,動詞,子音動詞ワ行
むかう,むかう,動詞,子音動詞ワ行
用いる,用いる,動詞,母音動詞
もちいる,もちいる,動詞,母音動詞
瞬く,瞬く,動詞,子音動詞カ行
またたく,またたく,動詞,子音動詞カ行
向く,向く,動詞,子音動詞カ行
むく,むく,動詞,子音動詞カ行
求める,求める,動詞,母音動詞
もとめる,もとめる,動詞,母音動詞
祭る,祭る,動詞,子音動詞ラ行
まつる,まつる,動詞,子音動詞ラ行
向ける,向ける,動詞,母音動詞
むける,むける,動詞,母音動詞
戻す,戻す,動詞,子音動詞サ行
もどす,もどす,動詞,子音動詞サ行
惑う,惑う,動詞,子音動詞ワ行
まどう,まどう,動詞,子音動詞ワ行
蒸す,蒸す,動詞,子音動詞サ行
むす,むす,動詞,子音動詞サ行
戻る,戻る,動詞,子音動詞ラ行
もどる,もどる,動詞,子音動詞ラ行
燃す,燃す,動詞,子音動詞サ行
揺らぐ,揺らぐ,動詞,子音動詞ガ行
ゆらぐ,ゆらぐ,動詞,子音動詞ガ行
分かつ,分かつ,動詞,子音動詞タ行
わかつ,わかつ,動詞,子音動詞タ行
催す,催す,動詞,子音動詞サ行
もよおす,もよおす,動詞,子音動詞サ行
揺れる,揺れる,動詞,母音動詞
ゆれる,ゆれる,動詞,母音動詞
ゆする,ゆする,動詞,子音動詞ラ行
分かる,分かる,動詞,子音動詞ラ行
わかる,わかる,動詞,子音動詞ラ行
焼く,焼く,動詞,子音動詞カ行
やく,やく,動詞,子音動詞カ行
揺るぐ,揺るぐ,動詞,子音動詞ガ行
ゆるぐ,ゆるぐ,動詞,子音動詞ガ行
分かれる,分かれる,動詞,母音動詞
わかれる,わかれる,動詞,母音動詞
焼ける,焼ける,動詞,母音動詞
やける,やける,動詞,母音動詞
揺る,揺る,動詞,子音動詞ラ行
ゆる,ゆる,動詞,子音動詞ラ行
沸く,沸く,動詞,子音動詞カ行
わく,わく,動詞,子音動詞カ行
病む,病む,動詞,子音動詞マ行
やむ,やむ,動詞,子音動詞マ行
結わえる,結わえる,動詞,母音動詞
ゆわえる,ゆわえる,動詞,母音動詞
分ける,分ける,動詞,母音動詞
わける,わける,動詞,母音動詞
辞める,辞める,動詞,母音動詞
やめる,やめる,動詞,母音動詞
譲る,譲る,動詞,子音動詞ラ行
ゆずる,ゆずる,動詞,子音動詞ラ行
割る,割る,動詞,子音動詞ラ行
わる,わる,動詞,子音動詞ラ行
養う,養う,動詞,子音動詞ワ行
やしなう,やしなう,動詞,子音動詞ワ行
許す,許す,動詞,子音動詞サ行
ゆるす,ゆるす,動詞,子音動詞サ行
割れる,割れる,動詞,母音動詞
われる,われる,動詞,母音動詞
休まる,休まる,動詞,子音動詞ラ行
やすまる,やすまる,動詞,子音動詞ラ行
緩む,緩む,動詞,子音動詞マ行
ゆるむ,ゆるむ,動詞,子音動詞マ行
別れる,別れる,動詞,母音動詞
休む,休む,動詞,子音動詞マ行
やすむ,やすむ,動詞,子音動詞マ行
酔う,酔う,動詞,子音動詞ワ行
よう,よう,動詞,子音動詞ワ行
忘れる,忘れる,動詞,母音動詞
わすれる,わすれる,動詞,母音動詞
休める,休める,動詞,母音動詞
やすめる,やすめる,動詞,母音動詞
寄せる,寄せる,動詞,母音動詞
よせる,よせる,動詞,母音動詞
患う,患う,動詞,子音動詞ワ行
わずらう,わずらう,動詞,子音動詞ワ行
雇う,雇う,動詞,子音動詞ワ行
やとう,やとう,動詞,子音動詞ワ行
呼ぶ,呼ぶ,動詞,子音動詞バ行
よぶ,よぶ,動詞,子音動詞バ行
煩う,煩う,動詞,子音動詞ワ行
宿す,宿す,動詞,子音動詞サ行
やどす,やどす,動詞,子音動詞サ行
詠む,詠む,動詞,子音動詞マ行
よむ,よむ,動詞,子音動詞マ行
煩わす,煩わす,動詞,子音動詞サ行
わずらわす,わずらわす,動詞,子音動詞サ行
宿る,宿る,動詞,子音動詞ラ行
やどる,やどる,動詞,子音動詞ラ行
読む,読む,動詞,子音動詞マ行
渡す,渡す,動詞,子音動詞サ行
わたす,わたす,動詞,子音動詞サ行
破る,破る,動詞,子音動詞ラ行
やぶる,やぶる,動詞,子音動詞ラ行
寄る,寄る,動詞,子音動詞ラ行
よる,よる,動詞,子音動詞ラ行
渡る,渡る,動詞,子音動詞ラ行
わたる,わたる,動詞,子音動詞ラ行
破れる,破れる,動詞,母音動詞
やぶれる,やぶれる,動詞,母音動詞
因る,因る,動詞,子音動詞ラ行
笑う,笑う,動詞,子音動詞ワ行
わらう,わらう,動詞,子音動詞ワ行
敗れる,敗れる,動詞,母音動詞
よごす,よごす,動詞,子音動詞サ行
和らぐ,和らぐ,動詞,子音動詞ガ行
やわらぐ,やわらぐ,動詞,子音動詞ガ行
よごれる,よごれる,動詞,母音動詞
和らげる,和らげる,動詞,母音動詞
やわらげる,やわらげる,動詞,母音動詞
装う,装う,動詞,子音動詞ワ行
よそおう,よそおう,動詞,子音動詞ワ行
結う,結う,動詞,子音動詞ワ行
ゆう,ゆう,動詞,子音動詞ワ行
喜ぶ,喜ぶ,動詞,子音動詞バ行
よろこぶ,よろこぶ,動詞,子音動詞バ行
ゆく,いく,動詞,子音動詞カ行促音便形
弱まる,弱まる,動詞,子音動詞ラ行
よわまる,よわまる,動詞,子音動詞ラ行
弱める,弱める,動詞,母音動詞
よわめる,よわめる,動詞,母音動詞
揺さぶる,揺さぶる,動詞,子音動詞ラ行
ゆさぶる,ゆさぶる,動詞,子音動詞ラ行
弱る,弱る,動詞,子音動詞ラ行
よわる,よわる,動詞,子音動詞ラ行
揺すぶる,揺すぶる,動詞,子音動詞ラ行
ゆすぶる,ゆすぶる,動詞,子音動詞ラ行
利く,利く,動詞,子音動詞カ行
りく,きく,動詞,子音動詞カ行
揺する,揺する,動詞,子音動詞ラ行
ゆする,ゆする,動詞,子音動詞ラ行
沸かす,沸かす,動詞,子音動詞サ行
わかす,わかす,動詞,子音動詞サ行
愛くるしい,愛くるしい,形容詞,イ形容詞イ段
あいくるしい,あいくるしい,形容詞,イ形容詞イ段
愛らしい,愛らしい,形容詞,イ形容詞イ段
あいらしい,あいらしい,形容詞,イ形容詞イ段
敢え無い,敢え無い,形容詞,イ形容詞アウオ段
あえない,あえない,形容詞,イ形容詞アウオ段
青い,青い,形容詞,イ形容詞アウオ段
あおい,あおい,形容詞,イ形容詞アウオ段
青臭い,青臭い,形容詞,イ形容詞アウオ段
あおくさい,あおくさい,形容詞,イ形容詞アウオ段
青白い,青白い,形容詞,イ形容詞アウオ段
あおじろい,あおじろい,形容詞,イ形容詞アウオ段
赤い,赤い,形容詞,イ形容詞アウオ段
あかい,あかい,形容詞,イ形容詞アウオ段
明るい,明るい,形容詞,イ形容詞アウオ段
あかるい,あかるい,形容詞,イ形容詞アウオ段
飽き足りない,飽き足りない,形容詞,イ形容詞アウオ段
あきたりない,あきたりない,形容詞,イ形容詞アウオ段
飽きっぽい,飽きっぽい,形容詞,形容詞
あきっぽい,あきっぽい,形容詞,形容詞
浅い,浅い,形容詞,イ形容詞アウオ段
あさい,あさい,形容詞,イ形容詞アウオ段
浅ましい,浅ましい,形容詞,イ形容詞イ段
あさましい,あさましい,形容詞,イ形容詞イ段
味気無い,味気無い,形容詞,イ形容詞アウオ段
あじけない,あじけない,形容詞,イ形容詞アウオ段
吾妻しい,吾妻しい,形容詞,形容詞
あずましい,あずましい,形容詞,形容詞
暖かい,暖かい,形容詞,イ形容詞アウオ段
あたたかい,あたたかい,形容詞,イ形容詞アウオ段
新しい,新しい,形容詞,イ形容詞イ段
あたらしい,あたらしい,形容詞,イ形容詞イ段
厚い,厚い,形容詞,イ形容詞アウオ段
熱い,熱い,形容詞,イ形容詞アウオ段
暑い,暑い,形容詞,イ形容詞アウオ段
あつい,あつい,形容詞,イ形容詞アウオ段
厚かましい,厚かましい,形容詞,イ形容詞イ段
あつかましい,あつかましい,形容詞,イ形容詞イ段
暖かい,暖かい,形容詞,イ形容詞アウオ段
あたたかい,あたたかい,形容詞,イ形容詞アウオ段
跡形ない,跡形ない,形容詞,形容詞
あとかたない,あとかたない,形容詞,形容詞
あばばい,あばばい,形容詞,形容詞
危ない,危ない,形容詞,イ形容詞アウオ段
あぶない,あぶない,形容詞,イ形容詞アウオ段
危なっかしい,危なっかしい,形容詞,イ形容詞イ段
あぶなっかしい,あぶなっかしい,形容詞,イ形容詞イ段
甘い,甘い,形容詞,イ形容詞アウオ段
あまい,あまい,形容詞,イ形容詞アウオ段
甘酸っぱい,甘酸っぱい,形容詞,イ形容詞アウオ段
あまずっぱい,あまずっぱい,形容詞,イ形容詞アウオ段
危うい,危うい,形容詞,イ形容詞アウオ段
あやうい,あやうい,形容詞,イ形容詞アウオ段
妖しい,妖しい,形容詞,イ形容詞イ段
あやしい,あやしい,形容詞,イ形容詞イ段
荒々しい,荒々しい,形容詞,イ形容詞イ段
あらあらしい,あらあらしい,形容詞,イ形容詞イ段
粗い,粗い,形容詞,イ形容詞アウオ段
あらい,あらい,形容詞,イ形容詞アウオ段
あられもない,あられもない,形容詞,形容詞
有り難い,有り難い,形容詞,イ形容詞アウオ段
ありがたい,ありがたい,形容詞,イ形容詞アウオ段
慌慌しい,慌慌しい,形容詞,形容詞
あわあわしい,あわあわしい,形容詞,形容詞
淡い,淡い,形容詞,イ形容詞アウオ段
あわい,あわい,形容詞,イ形容詞アウオ段
慌ただしい,慌ただしい,形容詞,イ形容詞イ段
あわただしい,あわただしい,形容詞,イ形容詞イ段
良い,良い,形容詞,イ形容詞イ段
いい,いい,形容詞,イ形容詞イ段
いかい,いかい,形容詞,形容詞
如何わしい,如何わしい,形容詞,イ形容詞イ段
いかがわしい,いかがわしい,形容詞,イ形容詞イ段
いぎたない,いぎたない,形容詞,形容詞
寝穢い,寝穢い,形容詞,形容詞
潔い,潔い,形容詞,イ形容詞アウオ段
いさぎよい,いさぎよい,形容詞,イ形容詞アウオ段
勇ましい,勇ましい,形容詞,イ形容詞イ段
いさましい,いさましい,形容詞,イ形容詞イ段
いじらしい,いじらしい,形容詞,イ形容詞イ段
いずい,いずい,形容詞,形容詞
忙しい,忙しい,形容詞,イ形容詞イ段
いそがしい,いそがしい,形容詞,イ形容詞イ段
痛い,痛い,形容詞,イ形容詞アウオ段
いたい,いたい,形容詞,イ形容詞アウオ段
痛ましい,痛ましい,形容詞,イ形容詞イ段
いたましい,いたましい,形容詞,イ形容詞イ段
著しい,著しい,形容詞,イ形容詞イ段
いちじるしい,いちじるしい,形容詞,イ形容詞イ段
愛おしい,愛おしい,形容詞,形容詞
いとおしい,いとおしい,形容詞,形容詞
愛しい,愛しい,形容詞,イ形容詞イ段
いとしい,いとしい,形容詞,イ形容詞イ段
厭わしい,厭わしい,形容詞,形容詞
いとわしい,いとわしい,形容詞,形容詞
訝しい,訝しい,形容詞,イ形容詞イ段
いぶかしい,いぶかしい,形容詞,イ形容詞イ段
忌々しい,忌々しい,形容詞,イ形容詞イ段
いまいましい,いまいましい,形容詞,イ形容詞イ段
今めかしい,今めかしい,形容詞,形容詞
いまめかしい,いまめかしい,形容詞,形容詞
忌まわしい,忌まわしい,形容詞,イ形容詞イ段
いまわしい,いまわしい,形容詞,イ形容詞イ段
卑しい,卑しい,形容詞,イ形容詞イ段
いやしい,いやしい,形容詞,イ形容詞イ段
嫌らしい,嫌らしい,形容詞,イ形容詞イ段
いやらしい,いやらしい,形容詞,イ形容詞イ段
色っぽい,色っぽい,形容詞,イ形容詞アウオ段
いろっぽい,いろっぽい,形容詞,イ形容詞アウオ段
初い,初い,形容詞,形容詞
うい,うい,形容詞,形容詞
うざい,うざい,形容詞,イ形容詞アウオ段
うざったい,うざったい,形容詞,形容詞
胡散臭い,胡散臭い,形容詞,イ形容詞アウオ段
うさんくさい,うさんくさい,形容詞,イ形容詞アウオ段
後ろめたい,後ろめたい,形容詞,イ形容詞アウオ段
うしろめたい,うしろめたい,形容詞,イ形容詞アウオ段
薄い,薄い,形容詞,イ形容詞アウオ段
うすい,うすい,形容詞,イ形容詞アウオ段
薄暗い,薄暗い,形容詞,イ形容詞アウオ段
うすぐらい,うすぐらい,形容詞,イ形容詞アウオ段
疑い深い,疑い深い,形容詞,形容詞
うたがいぶかい,うたがいぶかい,形容詞,形容詞
疑わしい,疑わしい,形容詞,イ形容詞イ段
うたがわしい,うたがわしい,形容詞,イ形容詞イ段
美しい,美しい,形容詞,イ形容詞イ段
うつくしい,うつくしい,形容詞,イ形容詞イ段
鬱陶しい,鬱陶しい,形容詞,イ形容詞イ段
うっとうしい,うっとうしい,形容詞,イ形容詞イ段
疎い,疎い,形容詞,イ形容詞アウオ段
うとい,うとい,形容詞,イ形容詞アウオ段
うとうとしい,うとうとしい,形容詞,形容詞
疎ましい,疎ましい,形容詞,形容詞
うとましい,うとましい,形容詞,形容詞
上手い,上手い,形容詞,イ形容詞アウオ段
うまい,うまい,形容詞,イ形容詞アウオ段
恭しい,恭しい,形容詞,イ形容詞イ段
うやうやしい,うやうやしい,形容詞,イ形容詞イ段
心悲しい,心悲しい,形容詞,形容詞
こころがなしい,こころがなしい,形容詞,形容詞
うら寂しい,うら寂しい,形容詞,イ形容詞イ段
うらさびしい,うらさびしい,形容詞,イ形容詞イ段
恨めしい,恨めしい,形容詞,イ形容詞イ段
うらめしい,うらめしい,形容詞,イ形容詞イ段
羨ましい,羨ましい,形容詞,イ形容詞イ段
うらやましい,うらやましい,形容詞,イ形容詞イ段
煩い,煩い,形容詞,イ形容詞アウオ段
うるさい,うるさい,形容詞,イ形容詞アウオ段
麗しい,麗しい,形容詞,イ形容詞イ段
うるわしい,うるわしい,形容詞,イ形容詞イ段
嬉しい,嬉しい,形容詞,イ形容詞イ段
うれしい,うれしい,形容詞,イ形容詞イ段
ええ,ええ,形容詞,形容詞
エグい,エグい,形容詞,形容詞
えぐい,えぐい,形容詞,形容詞
偉い,偉い,形容詞,イ形容詞アウオ段
えらい,えらい,形容詞,イ形容詞アウオ段
美味しい,美味しい,形容詞,イ形容詞イ段
おいしい,おいしい,形容詞,イ形容詞イ段
多い,多い,形容詞,イ形容詞アウオ段
おおい,おおい,形容詞,イ形容詞アウオ段
大きい,大きい,形容詞,イ形容詞イ段特殊
おおきい,おおきい,形容詞,イ形容詞イ段特殊
可笑しい,可笑しい,形容詞,イ形容詞イ段
おかしい,おかしい,形容詞,イ形容詞イ段
奥床しい,奥床しい,形容詞,イ形容詞イ段
おくゆかしい,おくゆかしい,形容詞,イ形容詞イ段
おぐらい,おぐらい,形容詞,形容詞
烏滸がましい,烏滸がましい,形容詞,イ形容詞イ段
痴がましい,痴がましい,形容詞,イ形容詞イ段
おこがましい,おこがましい,形容詞,イ形容詞イ段
怒りっぽい,怒りっぽい,形容詞,イ形容詞アウオ段
おこりっぽい,おこりっぽい,形容詞,イ形容詞アウオ段
幼い,幼い,形容詞,イ形容詞アウオ段
おさない,おさない,形容詞,イ形容詞アウオ段
惜しい,惜しい,形容詞,イ形容詞イ段
おしい,おしい,形容詞,イ形容詞イ段
押し付けがましい,押し付けがましい,形容詞,形容詞
おしつげがましい,おしつげがましい,形容詞,形容詞
遅い,遅い,形容詞,イ形容詞アウオ段
おそい,おそい,形容詞,イ形容詞アウオ段
おそがい,おそがい,形容詞,形容詞
恐れ多い,恐れ多い,形容詞,イ形容詞アウオ段
おそれおおい,おそれおおい,形容詞,イ形容詞アウオ段
恐ろしい,恐ろしい,形容詞,イ形容詞イ段
おそろしい,おそろしい,形容詞,イ形容詞イ段
大人しい,大人しい,形容詞,イ形容詞イ段
おとなしい,おとなしい,形容詞,イ形容詞イ段
夥しい,夥しい,形容詞,イ形容詞イ段
おびただしい,おびただしい,形容詞,イ形容詞イ段
重い,重い,形容詞,イ形容詞アウオ段
おもい,おもい,形容詞,イ形容詞アウオ段
思い掛けない,思い掛けない,形容詞,イ形容詞アウオ段
おもいがけない,おもいがけない,形容詞,イ形容詞アウオ段
面白い,面白い,形容詞,イ形容詞アウオ段
おもしろい,おもしろい,形容詞,イ形容詞アウオ段
重たい,重たい,形容詞,イ形容詞アウオ段
おもたい,おもたい,形容詞,イ形容詞アウオ段
おもっしょい,おもっしょい,形容詞,形容詞
オモロい,オモロい,形容詞,イ形容詞アウオ段
おもろい,おもろい,形容詞,イ形容詞アウオ段
かいい,かいい,形容詞,形容詞
甲斐ない,甲斐ない,形容詞,形容詞
かいない,かいない,形容詞,形容詞
輝かしい,輝かしい,形容詞,イ形容詞イ段
かがやかしい,かがやかしい,形容詞,イ形容詞イ段
限り無い,限り無い,形容詞,イ形容詞アウオ段
かぎりない,かぎりない,形容詞,イ形容詞アウオ段
芳しい,芳しい,形容詞,イ形容詞イ段
かぐわしい,かぐわしい,形容詞,イ形容詞イ段
賢い,賢い,形容詞,イ形容詞アウオ段
かしこい,かしこい,形容詞,イ形容詞アウオ段
姦しい,姦しい,形容詞,形容詞
かしましい,かしましい,形容詞,形容詞
堅い,堅い,形容詞,イ形容詞アウオ段
固い,固い,形容詞,イ形容詞アウオ段
硬い,硬い,形容詞,イ形容詞アウオ段
かたい,かたい,形容詞,イ形容詞アウオ段
堅苦しい,堅苦しい,形容詞,イ形容詞イ段
かたくるしい,かたくるしい,形容詞,イ形容詞イ段
かったるい,かったるい,形容詞,形容詞
悲しい,悲しい,形容詞,イ形容詞イ段
かなしい,かなしい,形容詞,イ形容詞イ段
黴臭い,黴臭い,形容詞,形容詞
かびくさい,かびくさい,形容詞,形容詞
喧しい,喧しい,形容詞,イ形容詞イ段
かまびすしい,かまびすしい,形容詞,イ形容詞イ段
我慢強い,我慢強い,形容詞,イ形容詞アウオ段
がまんづよい,がまんづよい,形容詞,イ形容詞アウオ段
痒い,痒い,形容詞,イ形容詞アウオ段
かゆい,かゆい,形容詞,イ形容詞アウオ段
か弱い,か弱い,形容詞,イ形容詞アウオ段
かよわい,かよわい,形容詞,イ形容詞アウオ段
辛い,辛い,形容詞,イ形容詞アウオ段
からい,からい,形容詞,イ形容詞アウオ段
軽い,軽い,形容詞,イ形容詞アウオ段
かるい,かるい,形容詞,イ形容詞アウオ段
軽々しい,軽々しい,形容詞,イ形容詞イ段
かるがるしい,かるがるしい,形容詞,イ形容詞イ段
可愛い,可愛い,形容詞,イ形容詞イ段
かわいい,かわいい,形容詞,イ形容詞イ段
可愛らしい,可愛らしい,形容詞,イ形容詞イ段
かわいらしい,かわいらしい,形容詞,イ形容詞イ段
頑是無い,頑是無い,形容詞,形容詞
がんぜない,がんぜない,形容詞,形容詞
芳しい,芳しい,形容詞,イ形容詞イ段
かんばしい,かんばしい,形容詞,イ形容詞イ段
黄色い,黄色い,形容詞,イ形容詞アウオ段
きいろい,きいろい,形容詞,イ形容詞アウオ段
ぎこちない,ぎこちない,形容詞,イ形容詞アウオ段
規則正しい,規則正しい,形容詞,イ形容詞イ段
きそくただしい,きそくただしい,形容詞,イ形容詞イ段
汚い,汚い,形容詞,イ形容詞アウオ段
きたない,きたない,形容詞,イ形容詞アウオ段
きな臭い,きな臭い,形容詞,イ形容詞アウオ段
きなくさい,きなくさい,形容詞,イ形容詞アウオ段
厳しい,厳しい,形容詞,イ形容詞イ段
きびしい,きびしい,形容詞,イ形容詞イ段
きもい,きもい,形容詞,形容詞
清い,清い,形容詞,イ形容詞アウオ段
きよい,きよい,形容詞,イ形容詞アウオ段
興味深い,興味深い,形容詞,イ形容詞アウオ段
きょうみぶかい,きょうみぶかい,形容詞,イ形容詞アウオ段
綺麗,綺麗,形容詞,ナ形容詞
きれい,きれい,形容詞,ナ形容詞
際どい,際どい,形容詞,イ形容詞アウオ段
きわどい,きわどい,形容詞,イ形容詞アウオ段
極まりない,極まりない,形容詞,イ形容詞アウオ段
きわまりない,きわまりない,形容詞,イ形容詞アウオ段
臭い,臭い,形容詞,イ形容詞アウオ段
くさい,くさい,形容詞,イ形容詞アウオ段
擽ったい,擽ったい,形容詞,イ形容詞アウオ段
くすぐったい,くすぐったい,形容詞,イ形容詞アウオ段
下らない,下らない,形容詞,イ形容詞アウオ段
くだらない,くだらない,形容詞,イ形容詞アウオ段
口さがない,口さがない,形容詞,イ形容詞アウオ段
くちさがない,くちさがない,形容詞,イ形容詞アウオ段
諄い,諄い,形容詞,イ形容詞アウオ段
くどい,くどい,形容詞,イ形容詞アウオ段
くどくどしい,くどくどしい,形容詞,形容詞
凹い,凹い,形容詞,形容詞
くぼい,くぼい,形容詞,形容詞
悔しい,悔しい,形容詞,イ形容詞イ段
くやしい,くやしい,形容詞,イ形容詞イ段
暗い,暗い,形容詞,イ形容詞アウオ段
くらい,くらい,形容詞,イ形容詞アウオ段
狂おしい,狂おしい,形容詞,形容詞
くるおしい,くるおしい,形容詞,形容詞
苦しい,苦しい,形容詞,イ形容詞イ段
くるしい,くるしい,形容詞,イ形容詞イ段
黒い,黒い,形容詞,イ形容詞アウオ段
くろい,くろい,形容詞,イ形容詞アウオ段
詳しい,詳しい,形容詞,イ形容詞イ段
くわしい,くわしい,形容詞,イ形容詞イ段
汚らわしい,汚らわしい,形容詞,イ形容詞イ段
けがらわしい,けがらわしい,形容詞,イ形容詞イ段
けたたましい,けたたましい,形容詞,イ形容詞イ段
気怠い,気怠い,形容詞,イ形容詞アウオ段
けだるい,けだるい,形容詞,イ形容詞アウオ段
けばけばしい,けばけばしい,形容詞,イ形容詞イ段
煙い,煙い,形容詞,イ形容詞アウオ段
けむい,けむい,形容詞,イ形容詞アウオ段
煙たい,煙たい,形容詞,イ形容詞アウオ段
けむたい,けむたい,形容詞,イ形容詞アウオ段
険しい,険しい,形容詞,イ形容詞イ段
けわしい,けわしい,形容詞,イ形容詞イ段
濃い,濃い,形容詞,イ形容詞アウオ段
こい,こい,形容詞,イ形容詞アウオ段
恋しい,恋しい,形容詞,イ形容詞イ段
こいしい,こいしい,形容詞,イ形容詞イ段
香ばしい,香ばしい,形容詞,イ形容詞イ段
こうばしい,こうばしい,形容詞,イ形容詞イ段
こえ,こえ,形容詞,形容詞
こぐらい,こぐらい,形容詞,形容詞
心苦しい,心苦しい,形容詞,イ形容詞イ段
こころぐるしい,こころぐるしい,形容詞,イ形容詞イ段
心寂しい,心寂しい,形容詞,形容詞
こころさびしい,こころさびしい,形容詞,形容詞
心強い,心強い,形容詞,イ形容詞アウオ段
こころづよい,こころづよい,形容詞,イ形容詞アウオ段
心細い,心細い,形容詞,イ形容詞アウオ段
こころぼそい,こころぼそい,形容詞,イ形容詞アウオ段
快い,快い,形容詞,イ形容詞アウオ段
こころよい,こころよい,形容詞,イ形容詞アウオ段
こしょばい,こしょばい,形容詞,形容詞
こそばい,こそばい,形容詞,形容詞
子供っぽい,子供っぽい,形容詞,形容詞
こどもっぽい,こどもっぽい,形容詞,形容詞
此の上ない,此の上ない,形容詞,形容詞
このうえない,このうえない,形容詞,形容詞
好ましい,好ましい,形容詞,イ形容詞イ段
このましい,このましい,形容詞,イ形容詞イ段
細かい,細かい,形容詞,イ形容詞アウオ段
こまかい,こまかい,形容詞,イ形容詞アウオ段
怖い,怖い,形容詞,イ形容詞アウオ段
こわい,こわい,形容詞,イ形容詞アウオ段
さくい,さくい,形容詞,形容詞
寂しい,寂しい,形容詞,イ形容詞イ段
さびしい,さびしい,形容詞,イ形容詞イ段
淋しい,淋しい,形容詞,形容詞
さみしい,さみしい,形容詞,イ形容詞イ段
寒い,寒い,形容詞,イ形容詞アウオ段
さむい,さむい,形容詞,イ形容詞アウオ段
さもしい,さもしい,形容詞,イ形容詞イ段
騒がしい,騒がしい,形容詞,イ形容詞イ段
さわがしい,さわがしい,形容詞,イ形容詞イ段
塩辛い,塩辛い,形容詞,イ形容詞アウオ段
しおからい,しおからい,形容詞,イ形容詞アウオ段
四角い,四角い,形容詞,イ形容詞アウオ段
しかくい,しかくい,形容詞,イ形容詞アウオ段
しかつめらしい,しかつめらしい,形容詞,イ形容詞イ段
親しい,親しい,形容詞,イ形容詞イ段
したしい,したしい,形容詞,イ形容詞イ段
滴る,滴る,形容詞,子音動詞ラ行
したたる,したたる,形容詞,子音動詞ラ行
慈悲深い,慈悲深い,形容詞,形容詞
じひぶかい,じひぶかい,形容詞,形容詞
渋い,渋い,形容詞,イ形容詞アウオ段
しぶい,しぶい,形容詞,イ形容詞アウオ段
しゃあない,しゃあない,形容詞,形容詞
執念深い,執念深い,形容詞,イ形容詞アウオ段
しゅうねんぶかい,しゅうねんぶかい,形容詞,イ形容詞アウオ段
白い,白い,形容詞,イ形容詞アウオ段
しろい,しろい,形容詞,イ形容詞アウオ段
信心深い,信心深い,形容詞,イ形容詞アウオ段
しんじんぶかい,しんじんぶかい,形容詞,イ形容詞アウオ段
しんどい,しんどい,形容詞,イ形容詞アウオ段
辛抱強い,辛抱強い,形容詞,イ形容詞アウオ段
しんぼうづよい,しんぼうづよい,形容詞,イ形容詞アウオ段
好い,好い,形容詞,イ形容詞アウオ段
すい,すい,形容詞,イ形容詞アウオ段
図々しい,図々しい,形容詞,イ形容詞イ段
ずうずうしい,ずうずうしい,形容詞,イ形容詞イ段
清々しい,清々しい,形容詞,イ形容詞イ段
すがすがしい,すがすがしい,形容詞,イ形容詞イ段
少ない,少ない,形容詞,イ形容詞アウオ段
すくない,すくない,形容詞,イ形容詞アウオ段
凄い,凄い,形容詞,イ形容詞アウオ段
すごい,すごい,形容詞,イ形容詞アウオ段
すこっちょい,すこっちょい,形容詞,形容詞
凄まじい,凄まじい,形容詞,イ形容詞イ段
すさまじい,すさまじい,形容詞,イ形容詞イ段
涼しい,涼しい,形容詞,イ形容詞イ段
すずしい,すずしい,形容詞,イ形容詞イ段
酸っぱい,酸っぱい,形容詞,イ形容詞アウオ段
すっぱい,すっぱい,形容詞,イ形容詞アウオ段
素早い,素早い,形容詞,イ形容詞アウオ段
すばやい,すばやい,形容詞,イ形容詞アウオ段
素晴らしい,素晴らしい,形容詞,イ形容詞イ段
すばらしい,すばらしい,形容詞,イ形容詞イ段
狡い,狡い,形容詞,イ形容詞アウオ段
ずるい,ずるい,形容詞,イ形容詞アウオ段
狡賢い,狡賢い,形容詞,イ形容詞アウオ段
ずるがしこい,ずるがしこい,形容詞,イ形容詞アウオ段
鋭い,鋭い,形容詞,イ形容詞アウオ段
するどい,するどい,形容詞,イ形容詞アウオ段
せこい,せこい,形容詞,形容詞
切無い,切無い,形容詞,イ形容詞アウオ段
せつない,せつない,形容詞,イ形容詞アウオ段
狭い,狭い,形容詞,イ形容詞アウオ段
せまい,せまい,形容詞,イ形容詞アウオ段
忙しない,忙しない,形容詞,イ形容詞イ段
せわしない,せわしない,形容詞,イ形容詞イ段
空々しい,空々しい,形容詞,イ形容詞イ段
そらぞらしい,そらぞらしい,形容詞,イ形容詞イ段
他愛ない,他愛ない,形容詞,形容詞
たあいない,たあいない,形容詞,形容詞
耐え難い,耐え難い,形容詞,イ形容詞アウオ段
たえがたい,たえがたい,形容詞,イ形容詞アウオ段
絶え間ない,絶え間ない,形容詞,形容詞
たえまない,たえまない,形容詞,形容詞
高い,高い,形容詞,イ形容詞アウオ段
たかい,たかい,形容詞,イ形容詞アウオ段
類いない,類いない,形容詞,形容詞
たぐいない,たぐいない,形容詞,形容詞
猛々しい,猛々しい,形容詞,イ形容詞イ段
たけだけしい,たけだけしい,形容詞,イ形容詞イ段
正しい,正しい,形容詞,イ形容詞イ段
ただしい,ただしい,形容詞,イ形容詞イ段
尊い,尊い,形容詞,形容詞
たっとい,たっとい,形容詞,形容詞
辿々しい,辿々しい,形容詞,イ形容詞イ段
たどたどしい,たどたどしい,形容詞,イ形容詞イ段
楽しい,楽しい,形容詞,イ形容詞イ段
たのしい,たのしい,形容詞,イ形容詞イ段
頼もしい,頼もしい,形容詞,イ形容詞イ段
たのもしい,たのもしい,形容詞,イ形容詞イ段
容易い,容易い,形容詞,イ形容詞アウオ段
たやすい,たやすい,形容詞,イ形容詞アウオ段
弛む,弛む,形容詞,子音動詞マ行
たゆむ,たゆむ,形容詞,子音動詞マ行
頼り無い,頼り無い,形容詞,イ形容詞アウオ段
たよりない,たよりない,形容詞,イ形容詞アウオ段
だらしない,だらしない,形容詞,イ形容詞アウオ段
だるい,だるい,形容詞,イ形容詞アウオ段
他愛ない,他愛ない,形容詞,形容詞
たあいない,たあいない,形容詞,形容詞
小さい,小さい,形容詞,イ形容詞アウオ段
ちいさい,ちいさい,形容詞,イ形容詞アウオ段
近い,近い,形容詞,イ形容詞アウオ段
ちかい,ちかい,形容詞,イ形容詞アウオ段
血生臭い,血生臭い,形容詞,イ形容詞アウオ段
ちなまぐさい,ちなまぐさい,形容詞,イ形容詞アウオ段
注意深い,注意深い,形容詞,イ形容詞アウオ段
ちゅういぶかい,ちゅういぶかい,形容詞,イ形容詞アウオ段
恙無い,恙無い,形容詞,イ形容詞アウオ段
つつがない,つつがない,形容詞,イ形容詞アウオ段
慎み深い,慎み深い,形容詞,イ形容詞アウオ段
つつしみぶかい,つつしみぶかい,形容詞,イ形容詞アウオ段
慎ましい,慎ましい,形容詞,イ形容詞イ段
つつましい,つつましい,形容詞,イ形容詞イ段
冷たい,冷たい,形容詞,イ形容詞アウオ段
つべたい,つべたい,形容詞,イ形容詞アウオ段
倹しい,倹しい,形容詞,イ形容詞イ段
つましい,つましい,形容詞,イ形容詞イ段
つまらない,つまらない,形容詞,イ形容詞アウオ段
冷たい,冷たい,形容詞,イ形容詞アウオ段
つめたい,つめたい,形容詞,イ形容詞アウオ段
強い,強い,形容詞,イ形容詞アウオ段
つよい,つよい,形容詞,イ形容詞アウオ段
辛い,辛い,形容詞,イ形容詞アウオ段
つらい,つらい,形容詞,イ形容詞アウオ段
手厚い,手厚い,形容詞,イ形容詞アウオ段
てあつい,てあつい,形容詞,イ形容詞アウオ段
でかい,でかい,形容詞,イ形容詞アウオ段
手軽い,手軽い,形容詞,形容詞
てがるい,てがるい,形容詞,形容詞
照れ臭い,照れ臭い,形容詞,イ形容詞アウオ段
てれくさい,てれくさい,形容詞,イ形容詞アウオ段
尊い,尊い,形容詞,イ形容詞アウオ段
とうとい,とうとい,形容詞,イ形容詞アウオ段
遠い,遠い,形容詞,イ形容詞アウオ段
とおい,とおい,形容詞,イ形容詞アウオ段
乏しい,乏しい,形容詞,イ形容詞イ段
とぼしい,とぼしい,形容詞,イ形容詞イ段
とんでもない,とんでもない,形容詞,イ形容詞アウオ段
ない,ない,形容詞,イ形容詞アウオ段
ナウい,ナウい,形容詞,形容詞
なうい,なうい,形容詞,形容詞
長たらしい,長たらしい,形容詞,イ形容詞イ段
ながたらしい,ながたらしい,形容詞,イ形容詞イ段
長ったらしい,長ったらしい,形容詞,イ形容詞イ段
ながったらしい,ながったらしい,形容詞,イ形容詞イ段
永い,永い,形容詞,イ形容詞アウオ段
ながい,ながい,形容詞,イ形容詞アウオ段
嘆かわしい,嘆かわしい,形容詞,イ形容詞イ段
なげかわしい,なげかわしい,形容詞,イ形容詞イ段
名残惜しい,名残惜しい,形容詞,イ形容詞イ段
なごりおしい,なごりおしい,形容詞,イ形容詞イ段
情け無い,情け無い,形容詞,イ形容詞アウオ段
なさけない,なさけない,形容詞,イ形容詞アウオ段
名高い,名高い,形容詞,イ形容詞アウオ段
なだかい,なだかい,形容詞,イ形容詞アウオ段
懐い,懐い,形容詞,イ形容詞アウオ段
なつい,なつい,形容詞,イ形容詞アウオ段
懐かしい,懐かしい,形容詞,イ形容詞イ段
なつかしい,なつかしい,形容詞,イ形容詞イ段
生暖かい,生暖かい,形容詞,イ形容詞アウオ段
なまあたたかい,なまあたたかい,形容詞,イ形容詞アウオ段
生臭い,生臭い,形容詞,イ形容詞アウオ段
なまぐさい,なまぐさい,形容詞,イ形容詞アウオ段
生々しい,生々しい,形容詞,イ形容詞イ段
なまなましい,なまなましい,形容詞,イ形容詞イ段
艶めかしい,艶めかしい,形容詞,イ形容詞イ段
なまめかしい,なまめかしい,形容詞,イ形容詞イ段
涙脆い,涙脆い,形容詞,イ形容詞アウオ段
なみだもろい,なみだもろい,形容詞,イ形容詞アウオ段
馴れ馴れしい,馴れ馴れしい,形容詞,イ形容詞イ段
なれなれしい,なれなれしい,形容詞,イ形容詞イ段
煮えきらない,煮えきらない,形容詞,形容詞
にえきらない,にえきらない,形容詞,形容詞
苦い,苦い,形容詞,イ形容詞アウオ段
にがい,にがい,形容詞,イ形容詞アウオ段
苦々しい,苦々しい,形容詞,イ形容詞イ段
にがにがしい,にがにがしい,形容詞,イ形容詞イ段
賑々しい,賑々しい,形容詞,形容詞
にぎにぎしい,にぎにぎしい,形容詞,形容詞
賑わしい,賑わしい,形容詞,形容詞
にぎわしい,にぎわしい,形容詞,形容詞
憎い,憎い,形容詞,イ形容詞アウオ段
にくい,にくい,形容詞,イ形容詞アウオ段
憎らしい,憎らしい,形容詞,イ形容詞イ段
にくらしい,にくらしい,形容詞,イ形容詞イ段
似付かわしい,似付かわしい,形容詞,イ形容詞イ段
につかわしい,につかわしい,形容詞,イ形容詞イ段
鈍い,鈍い,形容詞,イ形容詞アウオ段
にぶい,にぶい,形容詞,イ形容詞アウオ段
忍耐強い,忍耐強い,形容詞,イ形容詞アウオ段
にんたいづよい,にんたいづよい,形容詞,イ形容詞アウオ段
温い,温い,形容詞,イ形容詞アウオ段
ぬくい,ぬくい,形容詞,イ形容詞アウオ段
ぬるい,ぬるい,形容詞,イ形容詞アウオ段
ね,ね,形容詞,形容詞
妬ましい,妬ましい,形容詞,イ形容詞イ段
ねたましい,ねたましい,形容詞,イ形容詞イ段
粘り強い,粘り強い,形容詞,イ形容詞アウオ段
ねばりづよい,ねばりづよい,形容詞,イ形容詞アウオ段
根深い,根深い,形容詞,イ形容詞アウオ段
ねぶかい,ねぶかい,形容詞,イ形容詞アウオ段
眠い,眠い,形容詞,イ形容詞アウオ段
ねむい,ねむい,形容詞,イ形容詞アウオ段
残多い,残多い,形容詞,形容詞
のこりおおい,のこりおおい,形容詞,形容詞
残り惜しい,残り惜しい,形容詞,形容詞
のこりおしい,のこりおしい,形容詞,形容詞
残り少ない,残り少ない,形容詞,形容詞
のこりすくない,のこりすくない,形容詞,形容詞
望ましい,望ましい,形容詞,イ形容詞イ段
のぞましい,のぞましい,形容詞,イ形容詞イ段
鈍い,鈍い,形容詞,イ形容詞アウオ段
のろい,のろい,形容詞,イ形容詞アウオ段
儚い,儚い,形容詞,イ形容詞アウオ段
はかない,はかない,形容詞,イ形容詞アウオ段
馬鹿馬鹿しい,馬鹿馬鹿しい,形容詞,イ形容詞イ段
ばかばかしい,ばかばかしい,形容詞,イ形容詞イ段
馬鹿らしい,馬鹿らしい,形容詞,イ形容詞イ段
ばからしい,ばからしい,形容詞,イ形容詞イ段
激しい,激しい,形容詞,イ形容詞イ段
はげしい,はげしい,形容詞,イ形容詞イ段
端ない,端ない,形容詞,イ形容詞アウオ段
はしたない,はしたない,形容詞,イ形容詞アウオ段
恥ずかしい,恥ずかしい,形容詞,イ形容詞イ段
はずかしい,はずかしい,形容詞,イ形容詞イ段
バタくさい,バタくさい,形容詞,形容詞
ばたくさい,ばたくさい,形容詞,形容詞
ばっちい,ばっちい,形容詞,形容詞
果てし無い,果てし無い,形容詞,イ形容詞アウオ段
はてしない,はてしない,形容詞,イ形容詞アウオ段
甚だしい,甚だしい,形容詞,イ形容詞イ段
はなはだしい,はなはだしい,形容詞,イ形容詞イ段
花々しい,花々しい,形容詞,イ形容詞イ段
華々しい,華々しい,形容詞,イ形容詞イ段
はなばなしい,はなばなしい,形容詞,イ形容詞イ段
早い,早い,形容詞,イ形容詞アウオ段
はやい,はやい,形容詞,イ形容詞アウオ段
はんか臭い,はんか臭い,形容詞,形容詞
はんかくさい,はんかくさい,形容詞,形容詞
低い,低い,形容詞,イ形容詞アウオ段
ひくい,ひくい,形容詞,イ形容詞アウオ段
久しい,久しい,形容詞,イ形容詞イ段
ひさしい,ひさしい,形容詞,イ形容詞イ段
酷い,酷い,形容詞,イ形容詞アウオ段
ひどい,ひどい,形容詞,イ形容詞アウオ段
等しい,等しい,形容詞,イ形容詞イ段
ひとしい,ひとしい,形容詞,イ形容詞イ段
ひもじい,ひもじい,形容詞,イ形容詞イ段
広い,広い,形容詞,イ形容詞アウオ段
ひろい,ひろい,形容詞,イ形容詞アウオ段
深い,深い,形容詞,イ形容詞アウオ段
ふかい,ふかい,形容詞,イ形容詞アウオ段
不甲斐ない,不甲斐ない,形容詞,イ形容詞アウオ段
ふがいない,ふがいない,形容詞,イ形容詞アウオ段
相応しい,相応しい,形容詞,イ形容詞イ段
ふさわしい,ふさわしい,形容詞,イ形容詞イ段
太い,太い,形容詞,イ形容詞アウオ段
ふとい,ふとい,形容詞,イ形容詞アウオ段
古い,古い,形容詞,イ形容詞アウオ段
ふるい,ふるい,形容詞,イ形容詞アウオ段
古めかしい,古めかしい,形容詞,イ形容詞イ段
ふるめかしい,ふるめかしい,形容詞,イ形容詞イ段
へなっちょろい,へなっちょろい,形容詞,形容詞
誇らしい,誇らしい,形容詞,イ形容詞イ段
ほこらしい,ほこらしい,形容詞,イ形容詞イ段
埃っぽい,埃っぽい,形容詞,形容詞
ほこりっぽい,ほこりっぽい,形容詞,形容詞
欲しい,欲しい,形容詞,イ形容詞イ段
ほしい,ほしい,形容詞,イ形容詞イ段
細い,細い,形容詞,イ形容詞アウオ段
ほそい,ほそい,形容詞,イ形容詞アウオ段
細長い,細長い,形容詞,イ形容詞アウオ段
ほそながい,ほそながい,形容詞,イ形容詞アウオ段
仄暗い,仄暗い,形容詞,イ形容詞アウオ段
ほのぐらい,ほのぐらい,形容詞,イ形容詞アウオ段
頬笑ましい,頬笑ましい,形容詞,イ形容詞イ段
ほほえましい,ほほえましい,形容詞,イ形容詞イ段
真新しい,真新しい,形容詞,形容詞
まあたらしい,まあたらしい,形容詞,形容詞
紛らわしい,紛らわしい,形容詞,イ形容詞イ段
まぎらわしい,まぎらわしい,形容詞,イ形容詞イ段
不味い,不味い,形容詞,イ形容詞アウオ段
まずい,まずい,形容詞,イ形容詞アウオ段
貧しい,貧しい,形容詞,イ形容詞イ段
まずしい,まずしい,形容詞,イ形容詞イ段
間近い,間近い,形容詞,イ形容詞アウオ段
まぢかい,まぢかい,形容詞,イ形容詞アウオ段
まったい,まったい,形容詞,形容詞
目映い,目映い,形容詞,イ形容詞アウオ段
まばゆい,まばゆい,形容詞,イ形容詞アウオ段
眩い,眩い,形容詞,形容詞
まぶい,まぶい,形容詞,形容詞
眩しい,眩しい,形容詞,イ形容詞イ段
まぶしい,まぶしい,形容詞,イ形容詞イ段
まめまめしい,まめまめしい,形容詞,形容詞
丸い,丸い,形容詞,イ形容詞アウオ段
まるい,まるい,形容詞,イ形容詞アウオ段
まろい,まろい,形容詞,形容詞
見苦しい,見苦しい,形容詞,イ形容詞イ段
みぐるしい,みぐるしい,形容詞,イ形容詞イ段
短い,短い,形容詞,イ形容詞アウオ段
みじかい,みじかい,形容詞,イ形容詞アウオ段
瑞々しい,瑞々しい,形容詞,イ形容詞イ段
みずみずしい,みずみずしい,形容詞,イ形容詞イ段
みっともない,みっともない,形容詞,イ形容詞アウオ段
醜い,醜い,形容詞,イ形容詞アウオ段
みにくい,みにくい,形容詞,イ形容詞アウオ段
耳新しい,耳新しい,形容詞,イ形容詞イ段
みみあたらしい,みみあたらしい,形容詞,イ形容詞イ段
見良い,見良い,形容詞,形容詞
みよい,みよい,形容詞,形容詞
惨い,惨い,形容詞,イ形容詞アウオ段
むごい,むごい,形容詞,イ形容詞アウオ段
蒸し暑い,蒸し暑い,形容詞,イ形容詞アウオ段
むしあつい,むしあつい,形容詞,イ形容詞アウオ段
難しい,難しい,形容詞,イ形容詞イ段
むずかしい,むずかしい,形容詞,イ形容詞イ段
むつかしい,むつかしい,形容詞,イ形容詞イ段
睦まじい,睦まじい,形容詞,イ形容詞イ段
むつまじい,むつまじい,形容詞,イ形容詞イ段
空しい,空しい,形容詞,イ形容詞イ段
むなしい,むなしい,形容詞,イ形容詞イ段
目敏い,目敏い,形容詞,イ形容詞アウオ段
めざとい,めざとい,形容詞,イ形容詞アウオ段
珍しい,珍しい,形容詞,イ形容詞イ段
めずらしい,めずらしい,形容詞,イ形容詞イ段
目出度い,目出度い,形容詞,イ形容詞アウオ段
めでたい,めでたい,形容詞,イ形容詞アウオ段
めんこい,めんこい,形容詞,形容詞
面倒くさい,面倒くさい,形容詞,イ形容詞アウオ段
めんどくさい,めんどくさい,形容詞,イ形容詞アウオ段
申し訳無い,申し訳無い,形容詞,イ形容詞アウオ段
もうしわけない,もうしわけない,形容詞,イ形容詞アウオ段
勿体無い,勿体無い,形容詞,イ形容詞アウオ段
もったいない,もったいない,形容詞,イ形容詞アウオ段
尤もらしい,尤もらしい,形容詞,形容詞
もっともらしい,もっともらしい,形容詞,形容詞
もどかしい,もどかしい,形容詞,イ形容詞イ段
物憂い,物憂い,形容詞,形容詞
ものうい,ものうい,形容詞,形容詞
物悲しい,物悲しい,形容詞,イ形容詞イ段
ものがなしい,ものがなしい,形容詞,イ形容詞イ段
物寂しい,物寂しい,形容詞,イ形容詞イ段
ものさびしい,ものさびしい,形容詞,イ形容詞イ段
物足りない,物足りない,形容詞,イ形容詞アウオ段
ものたりない,ものたりない,形容詞,イ形容詞アウオ段
物々しい,物々しい,形容詞,イ形容詞イ段
ものものしい,ものものしい,形容詞,イ形容詞イ段
脆い,脆い,形容詞,イ形容詞アウオ段
もろい,もろい,形容詞,イ形容詞アウオ段
やごい,やごい,形容詞,形容詞
優しい,優しい,形容詞,イ形容詞イ段
やさしい,やさしい,形容詞,イ形容詞イ段
安い,安い,形容詞,イ形容詞アウオ段
やすい,やすい,形容詞,イ形容詞アウオ段
やばい,やばい,形容詞,イ形容詞アウオ段
疾しい,疾しい,形容詞,イ形容詞イ段
疚しい,疚しい,形容詞,イ形容詞イ段
やましい,やましい,形容詞,イ形容詞イ段
ややこしい,ややこしい,形容詞,イ形容詞イ段
遣る瀬ない,遣る瀬ない,形容詞,イ形容詞アウオ段
やるせない,やるせない,形容詞,イ形容詞アウオ段
柔らかい,柔らかい,形容詞,イ形容詞アウオ段
やわらかい,やわらかい,形容詞,イ形容詞アウオ段
ゆかしい,ゆかしい,形容詞,イ形容詞イ段
由々しい,由々しい,形容詞,イ形容詞イ段
ゆゆしい,ゆゆしい,形容詞,イ形容詞イ段
緩い,緩い,形容詞,イ形容詞アウオ段
ゆるい,ゆるい,形容詞,イ形容詞アウオ段
良い,良い,形容詞,形容詞
よい,よい,形容詞,形容詞
用心深い,用心深い,形容詞,イ形容詞アウオ段
ようじんぶかい,ようじんぶかい,形容詞,イ形容詞アウオ段
余所余所しい,余所余所しい,形容詞,イ形容詞イ段
よそよそしい,よそよそしい,形容詞,イ形容詞イ段
喜ばしい,喜ばしい,形容詞,イ形容詞イ段
よろこばしい,よろこばしい,形容詞,イ形容詞イ段
よろしい,よろしい,形容詞,イ形容詞イ段
弱い,弱い,形容詞,イ形容詞アウオ段
よわい,よわい,形容詞,イ形容詞アウオ段
拠所ない,拠所ない,形容詞,イ形容詞アウオ段
よんどころない,よんどころない,形容詞,イ形容詞アウオ段
らしい,らしい,形容詞,イ形容詞イ段
凛々しい,凛々しい,形容詞,イ形容詞イ段
りりしい,りりしい,形容詞,イ形容詞イ段
礼儀正しい,礼儀正しい,形容詞,イ形容詞イ段
れいぎただしい,れいぎただしい,形容詞,イ形容詞イ段
若い,若い,形容詞,イ形容詞アウオ段
わかい,わかい,形容詞,イ形容詞アウオ段
分かりにくい,分かりにくい,形容詞,形容詞
わかりにくい,わかりにくい,形容詞,形容詞
分かりやすい,分かりやすい,形容詞,形容詞
わかりやすい,わかりやすい,形容詞,形容詞
若々しい,若々しい,形容詞,イ形容詞イ段
わかわかしい,わかわかしい,形容詞,イ形容詞イ段
わざとらしい,わざとらしい,形容詞,イ形容詞イ段
煩わしい,煩わしい,形容詞,イ形容詞イ段
わずらわしい,わずらわしい,形容詞,イ形容詞イ段
忘れ難い,忘れ難い,形容詞,イ形容詞アウオ段
わすれがたい,わすれがたい,形容詞,イ形容詞アウオ段
忘れっぽい,忘れっぽい,形容詞,形容詞
わすれっぽい,わすれっぽい,形容詞,形容詞
侘しい,侘しい,形容詞,イ形容詞イ段
わびしい,わびしい,形容詞,イ形容詞イ段
割り切れない,割り切れない,形容詞,母音動詞
わりきれない,わりきれない,形容詞,母音動詞
悪い,悪い,形容詞,イ形容詞アウオ段
わるい,わるい,形容詞,イ形容詞アウオ段
悪賢い,悪賢い,形容詞,イ形容詞アウオ段
わるがしこい,わるがしこい,形容詞,イ形容詞アウオ段
んまい,んまい,形容詞,形容詞
大変だ,大変だ,形容詞,形容詞
たいへんだ,たいへんだ,形容詞,形容詞
頑張る,頑張る,動詞,子音動詞ラ行
がんばる,がんばる,動詞,子音動詞ラ行
好きだ,好きだ,形容詞,ナ形容詞
すきだ,すきだ,形容詞,ナ形容詞
壮観だ,壮観だ,形容詞,ナ形容詞
そうかんだ,そうかんだ,形容詞,ナ形容詞
賑やかだ,賑やかだ,形容詞,ナ形容詞
静かだ,静かだ,形容詞,ナ形容詞
絶品だ,絶品だ,形容詞,ナ形容詞
便利だ,便利だ,形容詞,ナ形容詞
安心だ,安心だ,形容詞,ナ形容詞
おしゃれだ,おしゃれだ,形容詞,ナ形容詞